status	fecha	texto
1907004010143293781	2025-04-01T11:36:01Z	"Si planeáis una visita familiar al museo, ""Ritmos naturales"" es un plano ilustrado que invita a conocer el Museo del Prado al paso de los ritmos de la naturaleza. Disponible para descarga y en los puntos de información: https://t.co/iTPBqMZCie #PradoEducación https://t.co/7DMlv635GK"
1907024825232585213	2025-04-01T12:58:43Z	"Abiertas las solicitudes para la estancia de investigación ""Programa Profesor Martin Warnke 2025"" en el Museo Nacional del Prado. En colaboración con el Goethe-Institut Madrid https://t.co/1TMoaGJb3a https://t.co/AyeQV6Kotk"
1907330645686165662	2025-04-02T09:13:57Z	"#PradoEducación Curso ""Aproximación a la Formación Profesional desde el Museo Nacional del Prado"" dirigido al profesorado de Formación Profesional. Los días 24 de abril y 8 y 12 de mayo de 2025. Inscripciones abiertas aquí: https://t.co/3hORujyZ3P https://t.co/ZJ8jLUCFCb"
1907351829236592867	2025-04-02T10:38:07Z	El Museo del Prado abrirá de nuevo sus puertas la noche del sábado 5 de abril #ElPradodeNoche https://t.co/NPKbpWJ6lj https://t.co/8qsHosiLae
1907395149308530826	2025-04-02T13:30:15Z	"""El Greco. Santo Domingo el Antiguo"". Por primera vez desde su dispersión  se exponen juntas ocho de las nueve obras que el Greco realizó para el Monasterio de Santo Domingo el Antiguo de Toledo. Hasta el 15 de junio en el Museo del Prado https://t.co/xFaNIWl2ru https://t.co/qCQqh2VrpE"
1907717078288670874	2025-04-03T10:49:29Z	¿Cómo se crea una estampa calcográfica? Este simulador permite recrear en un entorno virtual todo el proceso, desde la elección de la lámina y el tipo de papel hasta el ajuste de la presión del tórculo https://t.co/Q4FMBBScha #NextGenerationEU #PlandeRecuperación https://t.co/36roxjfDuM
1907737330913251807	2025-04-03T12:09:58Z	#Becas Convocatoria de 12 becas de investigación y formación que promueven la capacitación técnica de especialistas en materias de la competencia del Museo del Prado: Conservación, Restauración, Museología, Desarrollo Digital y Gestión Cultural https://t.co/poeWTS477s https://t.co/CvDnwJxy5E
1907745899339530478	2025-04-03T12:44:01Z	En el Año del pueblo Gitano el Museo del Prado y la Fundación Secretariado Gitano conmemoran los 600 años del Pueblo Gitano en la Península Ibérica https://t.co/BVDrnTuMSj #600AñosPuebloGitano https://t.co/aqW4JweStB
1907792540109087223	2025-04-03T15:49:21Z	#PradoExtendido El Museo Etnográfico de Castilla y León, en Zamora, incorpora una escultura en yeso del siglo XIX del Museo del Prado https://t.co/6AEKKvaeFx https://t.co/F1LeXgazgV
1908082702542082416	2025-04-04T11:02:21Z	#PradoEducación Con motivo de La Noche de los Libros se realizarán unas Jornadas de puertas abiertas a la Biblioteca del Museo del Prado en el Casón del Buen Retiro para admirar la bóveda de Luca Giordano. Los días 26 y 27 de abril a las 12 y 13.30 h https://t.co/uOJj1LaY35 https://t.co/F0LISPfC3b
1908088402638999856	2025-04-04T11:25:00Z	"Este sábado 5 de abril en #ElPradodeNoche abriremos la planta baja del museo, que incluye la exposición ""Cambio de forma: Mito y metamorfosis en los dibujos romanos de José de Madrazo"" y obras del Bosco, Sofonisba Anguissola, Madrazo o María Roësset https://t.co/XYlngn3DFf

Con la colaboración tecnológica de @SamsungEspana y de @radio3_rne en la difusión"
1908093528707621016	2025-04-04T11:45:22Z	El Museo del Prado propone a la RAE incluir el término “bosquiano” en el diccionario y celebra el #DíadelBosco el 5 de abril https://t.co/xYF8o4olo1 https://t.co/OJXeeHXuqn
1908420842725195825	2025-04-05T09:26:00Z	"#DíadelBosco ""El Bosco. Una historia en imágenes"". Recurso interactivo sobre la obra y vida de Jheronimus van Aken https://t.co/QYwb8Wcfyc https://t.co/H0oltl9wT2"
1908426379399749929	2025-04-05T09:48:00Z	#DíadelBosco Miguel Falomir, director del Museo del Prado: “Si hay un cuadro en el Prado que puede disputar la primacía a “Las meninas” es “El jardín de las delicias” https://t.co/rEHmjXY4aD
1908440220388761881	2025-04-05T10:43:00Z	#DíadelBosco ¿Cómo se dice el Bosco en Lengua de Signos Española? Con la colaboración de la Fundación @CNSEinfo https://t.co/PLjHCXt8wV
1908452803481051303	2025-04-05T11:33:00Z	"En ""A los pies del Bosco"" el bailaor @Eduardo13guerre crea un universo de formas, volúmenes y movimiento en torno al tríptico ""El jardín de las delicias"" del Bosco #DíadelBosco #BoschDay https://t.co/5XKuzIkA1c"
1908465637992882291	2025-04-05T12:24:00Z	"Cuando Tim Burton, el director de cine más bosquiano, vio por primera vez en el Prado una de sus fuentes de inspiración, ""El jardín de las delicias"" del Bosco. El 5 de abril celebramos el #DíadelBosco #BoschDay https://t.co/Ntl3VDMBqE"
1908609602632954325	2025-04-05T21:56:04Z	Un sábado más agradecemos la estupenda acogida a #ElPradodeNoche, esta vez con buen tiempo y muchas ganas de disfrutar de la colección. La planta baja del Museo del Prado, desde el Románico hasta la pintura del siglo XIX, estará abierta con acceso gratuito hasta las 23:30 https://t.co/x1yzdmWJ8g
1909161798906880279	2025-04-07T10:30:18Z	#Becas Convocatoria de 12 becas de investigación y formación que promueven la capacitación técnica de especialistas en materias de la competencia del Museo del Prado: Conservación, Restauración, Museología, Desarrollo Digital y Gestión Cultural https://t.co/poeWTS477s https://t.co/K1yeGeTy7n
1909172218518532300	2025-04-07T11:11:42Z	#PradoEducación Con motivo de La Noche de los Libros se realizarán unas Jornadas de puertas abiertas a la Biblioteca del Museo del Prado en el Casón del Buen Retiro para admirar la bóveda de Luca Giordano. Los días 26 y 27 de abril a las 12 y 13.30 h https://t.co/6cw5TxXCK2 https://t.co/5vjCBjZN80
1909176320938188830	2025-04-07T11:28:00Z	"#VisitaVirtual de la exposición ""Darse la mano. Escultura y color en el Siglo de Oro"". Entra en la visita virtual gratuita y descubre al detalle las historias que guardan las obras con la mejor calidad de imagen https://t.co/XhJpZISKQR https://t.co/tBk893bPOR"
1909266414587850801	2025-04-07T17:26:00Z	"#Conferencia ""'La poderosa voz, que espacios hiende': Gertrudis Gómez de Avellaneda, paisajes y retratos literarios"", impartida por Beatriz Ferrús (Universitat Autònoma de Barcelona) el 2 de abril de 2025 en el ciclo de conferencias ""Las intelectuales españolas y el Museo del Prado. El siglo XIX"" https://t.co/cuSFfnVn90"
1909508030913478877	2025-04-08T09:26:06Z	Visita la exposición “Cambio de forma. Mito y metamorfosis en los dibujos romanos de José de Madrazo”. En la sala 60 hasta el 22 de junio https://t.co/8Fb1L3g3ky https://t.co/RYOYZhMol3
1909515555796660696	2025-04-08T09:56:00Z	#Exposición “El Greco. Santo Domingo el Antiguo” se podrá visitar hasta el próximo 15 de junio en la Galería Central del Museo del Prado. Patrocina la Fundación Amigos del Museo del Prado https://t.co/7HcPK4CfNA https://t.co/IFurH7ElTP
1909525119124619762	2025-04-08T10:34:00Z	"""La reina Isabel de Borbón, a caballo"" de Velázquez se muestra en sala 12 después de su restauración, llevada a cabo gracias al patrocinio de la Fundación Iberdrola España como ‘miembro protector’ del Programa de Restauraciones del Museo del Prado https://t.co/wX329V3AH9 https://t.co/96OCDgH1Z6"
1909531697952989555	2025-04-08T11:00:08Z	El Museo del Prado pone a la Inteligencia Artificial a “contar” historias https://t.co/mPLIJo0r00 https://t.co/iGYLI6FCGZ
1909548070691365141	2025-04-08T12:05:12Z	#ContarelPrado Si quieres descubrir el número de figuras que hay en las obras del Museo del Prado con más personas, haz la encuesta y compara tus respuestas con el recuento de la IA desarrollada por @Sherpa_AI 👉https://t.co/Ozsa4yLnIX https://t.co/uaijsQxR21
1909629305753420274	2025-04-08T17:28:00Z	"#Conferencia ""El reformismo social de una intelectual liberal: Concepcion Arenal"", impartida por María Cruz Romeo (Universitat de València) el 29 de marzo de 2025 en el ciclo de conferencias ""Las intelectuales españolas y el Museo del Prado. El siglo XIX"" https://t.co/tH5JLXrZ6n https://t.co/q8uGZRcVoY"
1909885180317249717	2025-04-09T10:24:45Z	"Velázquez pintó ""La reina Isabel de Borbón, a caballo"" para el Salón de Reinos. Para adaptarlo al espacio se añadieron dos franjas laterales y como la ampliación invadía el hueco de la puerta, se recortó y pegó la parte de lienzo a la propia puerta https://t.co/Tz76wAQwe7 #art #museos"
1909992449168101605	2025-04-09T17:31:00Z	"#Conferencia ""Contemplaciones. La pintura frente a doña Emilia Pardo Bazán"", impartida por Ana Rossetti (escritora) el 26 de marzo de 2025 en el ciclo de conferencias ""Las intelectuales españolas y el Museo del Prado. El siglo XIX"" https://t.co/Xek53JVhxo https://t.co/UYKSgAiZDm"
1910266023875326153	2025-04-10T11:38:05Z	"#Itinerario ""El Renacimiento en la pintura española"". Los miércoles a las 11.30 y 16.15 h https://t.co/zFf7yGhzG4 https://t.co/y39TPuCZbm"
1910283113768362181	2025-04-10T12:46:00Z	#Becas Convocatoria de 12 becas de investigación y formación que promueven la capacitación técnica de especialistas en materias de la competencia del Museo del Prado: Conservación, Restauración, Museología, Desarrollo Digital y Gestión Cultural https://t.co/LTt8heHW4G https://t.co/XSS3g1FBLG
1910287492076445852	2025-04-10T13:03:24Z	El retrato de Toro-Zambrano de Goya se vuelve a exponer en el @BancoDeEspana tras su restauración por el Museo del Prado https://t.co/xPe3BgqJGq https://t.co/rhlKk5hqlv
1910355340467527681	2025-04-10T17:33:00Z	"#Conferencia ""El Museo del Prado en Rosa Chacel. El silencio y lo indecible"", impartida por Nuria Sánchez Madrid (UCM) el 22 de marzo de 2025 en el ciclo de conferencias ""Las intelectuales españolas y el Museo del Prado. La Edad de Plata"" https://t.co/7oy7BdQ08r https://t.co/H8VU8czD1j"
1910601611841327373	2025-04-11T09:51:36Z	“El Greco. Santo Domingo el Antiguo”. Hasta el 15 de junio en la Galería Central del Museo del Prado https://t.co/xFaNIWl2ru https://t.co/FBatP29Ia3
1910632948841267226	2025-04-11T11:56:07Z	"#VisitaVirtual ""Un paseo por el Olimpo""
Este recorrido interactivo gratuito se centra en los relatos mitológicos del mundo grecorromano. Descubre las historias que guardan las obras con la mejor calidad de imagen https://t.co/AAAcRKy3VK #Art #MuseodelPrado https://t.co/iXY4L4jwpv"
1910646651145846854	2025-04-11T12:50:34Z	"#VisitaTaller ""Cuerpos extendidos""
¿Puede nuestro cuerpo ser una herramienta de expresión y relación con el entorno? ¿Cómo dialoga con los diversos lenguajes artísticos? 
Del 26 de abril al 8 junio de 2025. Inscripciones aquí: https://t.co/HDKC4ZaxcH https://t.co/tMSMTwLstU"
1910718231477981663	2025-04-11T17:35:00Z	"#Debate entre Joshua D. Bard y Francesca Torello, del Carnegie Mellon University, dentro de la ""Sección 4. Maquetas en el tiempo"" –presidida por Carolina B. García-Estévez (Universitat Politècnica de Catalunya)– el 4 de junio de 2024 en el simposio ""Maquetas y réplicas del patrimonio arquitectónico español, 1752-1929"" https://t.co/jhrf9fir3N"
1911683413523771540	2025-04-14T09:30:17Z	"#VisitaAccesible ""Lectura fácil en el Museo del Prado"" Contenidos para mejorar la accesibilidad cognitiva de la colección del Museo del Prado https://t.co/wOQCFl2eg8 https://t.co/WcBB0FqkMU"
1911756171196645508	2025-04-14T14:19:24Z	"#Itinerario ""El Renacimiento en la pintura española"". Los miércoles a las 11.30 y 16.15 h https://t.co/vv3k6MSccL https://t.co/dAktEq38vu"
1911761840360546772	2025-04-14T14:41:56Z	“El Greco. Santo Domingo el Antiguo”. Hasta el 15 de junio en la Galería Central del Museo del Prado https://t.co/7HcPK4CfNA https://t.co/Za3FVfwigB
1911792560063779006	2025-04-14T16:44:00Z	"#Conferencia ""¿Qué está ocurriendo?"", impartida por Eusebio Lázaro (escritor, actor y director de teatro y cine) el 5 de abril de 2025 en el marco del ciclo de conferencias ""Poetas en el Prado VI. Lo que podría suceder"" https://t.co/CtaGPDp3rC https://t.co/qOA8egf3zQ"
1912041688249647373	2025-04-15T09:13:57Z	#PradoEducación Con motivo de La Noche de los Libros se realizarán unas Jornadas de puertas abiertas a la Biblioteca del Museo del Prado en el Casón del Buen Retiro para admirar la bóveda de Luca Giordano. Los días 26 y 27 de abril a las 12 y 13.30 h https://t.co/6cw5TxYazA https://t.co/QVqlaWfnsd
1912051609653174659	2025-04-15T09:53:22Z	"Tres detalles de moda en el retrato de Amalia de Llano y Dotres, condesa de Vilches, pintado en 1853 por Federico de Madrazo: las joyas de aristócrata de nuevo cuño, el abanico de plumas y el color del vestido

Con Carlos G. Navarro, conservador de pintura del siglo XIX en el #MuseodelPrado #moda #sigloXIX"
1912066500812227056	2025-04-15T10:52:32Z	¡Feliz #DíaMundialdelArte! https://t.co/OkShreyp05
1912072403758596165	2025-04-15T11:16:00Z	#Becas Convocatoria de 12 becas de investigación y formación que promueven la capacitación técnica de especialistas en materias de la competencia del Museo del Prado: Conservación, Restauración, Museología, Desarrollo Digital y Gestión Cultural https://t.co/LTt8heItUe https://t.co/Ewoa9iYwqf
1912155451547963419	2025-04-15T16:46:00Z	"#Conferencia ""Carolina Coronado, poetisa moderna (1820-1911)"", impartida por Mónica Burguera (Universidad Nacional de Educación a Distancia) el 9 de abril de 2025 en el marco del ciclo de conferencias ""Las intelectuales españolas y el Museo del Prado. El siglo XIX"" https://t.co/X9rD5tRNpp"
1912410790570701211	2025-04-16T09:40:38Z	Visita la exposición “Cambio de forma. Mito y metamorfosis en los dibujos romanos de José de Madrazo”. En la sala 60 hasta el 22 de junio https://t.co/8Fb1L3fvv0 https://t.co/qVXZ5Snhhr
1912429627752001784	2025-04-16T10:55:29Z	#TalDíaComoHoy en 1828 fallecía en Burdeos Francisco de Goya. En el Museo del Prado se puede disfrutar de gran parte de su obra. Os animamos a conocerla a través de nuestra web:  https://t.co/HotFdDG7mI https://t.co/bzAJ7J3Agi
1912518342310862973	2025-04-16T16:48:00Z	"#Debate de la ""Sección III. Crítica e historiografía"", moderado por Javier Arnaldo (Museo del Prado) el 9 de marzo de 2023 en el marco del Simposio Internacional ""El nacimiento de la Historia del Arte en España"" https://t.co/nUHfTPBbud https://t.co/NWf8iWlwBb"
1912813505079558180	2025-04-17T12:20:52Z	El secreto del cuadro más mirado del Museo del Prado https://t.co/z7eMl6bFgu vía @el_pais
1914233822964502533	2025-04-21T10:24:42Z	#PradoEducación Con motivo de La Noche de los Libros se realizarán unas Jornadas de puertas abiertas a la Biblioteca del Museo del Prado en el Casón del Buen Retiro para admirar la bóveda de Luca Giordano. Los días 26 y 27 de abril a las 12 y 13.30 h https://t.co/6cw5TxXCK2 https://t.co/uOasW76gi0
1914262395175764241	2025-04-21T12:18:14Z	"#PradoEducación Último día para inscribirse en el curso para docentes ""Deslizar abierto. Sobre arte y escuela"". Participarán referentes de la educación creativa como Siro López, Heike Freire o Cesar Bona: https://t.co/ExNJuulhYm Colaboran @ComunidadMadrid y @explora_art https://t.co/okrpkQJjh9"
1914267148614013034	2025-04-21T12:37:08Z	"Un ejemplo de la aplicación de la radiografía en el estudio de esculturas es la ""Magdalena penitente"" de Pedro de Mena, obra maestra del barroco español en depósito en el @MuseoEscultura https://t.co/BSC91uVQ3Z"
1914335567128436923	2025-04-21T17:09:00Z	"#Conferencia ""Rosario de Acuña: la pasión de la luz"", impartida por Elena Hernández Sandoica (Universidad Complutense de Madrid) el 12 de abril de 2025 en el marco del ciclo de conferencias ""Las intelectuales españolas y el Museo del Prado. El siglo XIX"" https://t.co/OvMYy1GQW8 https://t.co/qBGzuP8zLH"
1914598386679845333	2025-04-22T10:33:21Z	"#VisitaAccesible ""Lectura fácil en el Museo del Prado"" Contenidos para mejorar la accesibilidad cognitiva de la colección del Museo del Prado https://t.co/d1Cyr4gkfd https://t.co/tXu1qBrvFT"
1914627040973652009	2025-04-22T12:27:13Z	El Museo del Prado ha abierto el período de inscripción para su Escuela de Verano 2025 https://t.co/WF2khpEXq0 Con el apoyo de @FBSabadell https://t.co/2Hz3YSR0XD
1914635959905157454	2025-04-22T13:02:39Z	"#VisitaComentada Encuentro en ""Las salas 25 y 26: El Greco. Santo Domingo el Antiguo"". Los viernes a las 11.30 y 16.15 h https://t.co/tgdId2LvUs #PradoEducación https://t.co/otsLtO4tC9"
1914698710065312245	2025-04-22T17:12:00Z	"#Conferencia ""Polke / Goya: Afinidades desveladas"" , impartida por Gloria Moure (Historiadora del arte) el 15 de enero de 2025 en el marco del ciclo de conferencias ""Polke, Goya: una terca persistencia"" https://t.co/8vsLLv2Ru7 https://t.co/l7yk1DScgu"
1914945115090547098	2025-04-23T09:31:08Z	En el #DíadelLibro os invitamos a ver en nuestro canal de YouTube las conversaciones fruto del programa “Escribir el Prado”, una iniciativa en la que reconocidos escritores internacionales se sumergen en la historia y la esencia del Prado https://t.co/bwoEyR2POJ https://t.co/6uk7MYCy2f
1914952973613989993	2025-04-23T10:02:21Z	La visita virtual del Museo del Prado incluye vistas panorámicas 360º e imágenes en altísima resolución de las obras de la colección. Estés donde estés, accede gratis aquí: https://t.co/BUzwy8eNlj #NextGenerationEU #PlandeRecuperación https://t.co/EKwCOqBnlQ
1914966302101307784	2025-04-23T10:55:19Z	El Museo del Prado se une a las celebraciones del Día Internacional del Libro y de La Noche de los Libros https://t.co/jMSbUoCo0L #DíadelLibro https://t.co/wwUZNsSbtI
1914980784823246988	2025-04-23T11:52:52Z	"#PublicacionesPrado Lanzamos la nueva edición de ""El Museo del Prado"", el libro imprescindible para conocer a fondo la colección, con nuevo formato e imágenes actualizadas. Además, durante el #DíadelLibro todas las publicaciones tienen un 10% de descuento https://t.co/XG3mIqe5UF https://t.co/kxpQZHD9hY"
1915061602245619770	2025-04-23T17:14:00Z	"#Conferencia ""Completitud y fragmento en la colección de arquitectura de «El Arte en España», 1929"", impartida por Carolina B. García-Estévez (Universitat Politècnica de Catalunya) dentro de la ""Sección 3. Ante el gran público: exposiciones y redes internacionales"" –presidida por Francesca Torello (Carnegie Mellon University)–, el 4 de junio de 2024 en el simposio ""Maquetas y réplicas del patrimonio arquitectónico español, 1752-1929"" https://t.co/zGZmTZ1TPI"
1915307728953606543	2025-04-24T09:32:01Z	#Becas Convocatoria de 12 becas de investigación y formación que promueven la capacitación técnica de especialistas en materias de la competencia del Museo del Prado: Conservación, Restauración, Museología, Desarrollo Digital y Gestión Cultural https://t.co/poeWTS477s https://t.co/8LYRTAXrnU
1915341250460373120	2025-04-24T11:45:14Z	Por primera vez desde su dispersión se reúnen ocho de las nueve obras que el Greco realizó para el Monasterio de Santo Domingo el Antiguo de Toledo. Hasta el 15 de junio en la Galería Central del Museo del Prado https://t.co/xFaNIWl2ru https://t.co/DHhRh50o9C
1915363021083557954	2025-04-24T13:11:44Z	"#VisitaVirtual de la exposición ""Darse la mano. Escultura y color en el Siglo de Oro"". Entra en la visita virtual gratuita y descubre al detalle las historias que guardan las obras con la mejor calidad de imagen https://t.co/XhJpZISKQR https://t.co/azH69krzkt"
1915379015474450769	2025-04-24T14:15:17Z	El Museo del Prado reduce su consumo energético gracias a la renovación de la toma de aire exterior del edificio Villanueva https://t.co/7c9sbM5hF3 https://t.co/XJkl7YZBgP
1915425247467303058	2025-04-24T17:19:00Z	"#Conferencia ""Más allá de la crítica: el furor antichurrigueresco de las Academias"", impartida por Beatriz Blasco Esquivias (Universidad Complutense de Madrid) –dentro de la ""Sección I. Historias de la arquitectura""– el 9 de marzo de 2023, en el marco del Simposio Internacional ""El nacimiento de la Historia del Arte en España"" https://t.co/ZQWEYsajVy"
1915707473496875502	2025-04-25T12:00:28Z	Celebramos la semana del libro con la promoción LIBROS3 en https://t.co/IS1zgMVZbT: hasta el domingo 27 de abril, gastos de envío gratis a España peninsular y Baleares con la compra de 3 o más libros https://t.co/3eylKEHnLt https://t.co/75jsofysbf
1915751536249938067	2025-04-25T14:55:33Z	#Becas Convocatoria de 12 becas de investigación y formación que promueven la capacitación técnica de especialistas en materias de la competencia del Museo del Prado: #Conservación, #Restauración, #Museología, Desarrollo Digital y Gestión Cultural https://t.co/Pdlh8VMdyz https://t.co/7xlKWHWaPY
1915781092281327750	2025-04-25T16:53:00Z	"#Debate de la ""Sección I. Historias de la arquitectura"", moderado por David García López (Universidad de Murcia. Universidad Complutense de Madrid) el 9 de marzo de 2023, en el marco del Simposio Internacional ""El nacimiento de la Historia del Arte en España"" https://t.co/M2bSI8CQ68"
1916756306314080371	2025-04-28T09:28:09Z	“El Greco. Santo Domingo el Antiguo’ Review: Awe-Inspiring Altarpieces” @WSJ https://t.co/9i2dZzgP3l
1916790926569066962	2025-04-28T11:45:43Z	Todos los días de la semana ofrecemos visitas guiadas en español y en inglés a las obras maestras del Museo del Prado: Rubens, Velázquez, Goya o Sofonisba Anguissola. Se solicitan en la taquilla del museo https://t.co/wnpWBMaIXp https://t.co/1FMANlhgMI
1916816914904494486	2025-04-28T13:28:59Z	Debido a las circunstancias excepcionales en todo el país se ha procedido al desalojo del Museo del Prado. Agradecemos a todos los visitantes su educada colaboración y su comprensión. El museo retomará la actividad cuando se restablezca el servicio https://t.co/LaMOfJq9eT
1916825354867532192	2025-04-28T14:02:32Z	Este es el estado de las salas del museo después del desalojo coordinado en el que han colaborado con amabilidad todas las personas que se encontraban visitando el Prado. Seguiremos informando de la evolución del servicio tras apagón eléctrico general https://t.co/x6HZDl4KE5
1916830671487594829	2025-04-28T14:23:39Z	Debido a la persistencia de la situación el Museo del Prado permanecerá cerrado durante todo el día
1917126433069056272	2025-04-29T09:58:54Z	El Museo del Prado abre hoy con normalidad. Los primeros visitantes accederán en unos minutos https://t.co/ezIuaoKPxw
1917174311879659896	2025-04-29T13:09:09Z	"Sala 12 del Museo del Prado el 28 de abril de 2025. 
A las 22.47... se hizo la luz

#Apagón #CorteDeLuz https://t.co/T1zJdrJN4y"
1917226768550801592	2025-04-29T16:37:36Z	El Museo del Prado reabre sus puertas con normalidad https://t.co/xYC2W7mSAv vía @ABC_Cultura
1917227444458709413	2025-04-29T16:40:17Z	El bailarín Antonio Narrajo baila entre la escultura clásica del Prado por el Día Internacional de la Danza  @LaVanguardia https://t.co/e4l40yI5Uw
1917498616010137769	2025-04-30T10:37:50Z	En la galería jónica de escultura del Museo del Prado se exponen 56 obras que van desde el Antiguo Egipto hasta el Barroco y tienen el retrato como uno de sus principales hilos conductores, desde lo más idealizado hasta lo más humano https://t.co/VXjPm1sRRv https://t.co/s0abnm9Ij9
1917506261366481258	2025-04-30T11:08:12Z	"El Museo del Prado abrirá sus puertas la noche del sábado 3 de mayo. Se podrá visitar la exposición ""El Greco. Santo Domingo el Antiguo"" y toda la primera planta: ""Las meninas"" de Velázquez, ""El lavatorio"" de Tintoretto o ""Las tres gracias"" de Rubens https://t.co/zmxWsRvSBz https://t.co/MKfZwFzgdT"
1917522401690009755	2025-04-30T12:12:21Z	Hasta el próximo 14 de mayo estará abierto el plazo para inscribirse en la próxima edición de la Escuela de Verano 2025 del Museo del Prado https://t.co/9RBU5HcTkQ Con el apoyo de @FBSabadell https://t.co/25gYAiFTre
1917539500701503878	2025-04-30T13:20:17Z	Las obras del Museo del Prado ya se pueden ver a la luz de Valencia en la exposición “El Prado en las calles” gracias a la colaboración de @FundIberdrolaES. Las 50 reproducciones de obras maestras del museo estarán en Valencia hasta el 25 de mayo https://t.co/IyGzqiVqL9
1917597057730457754	2025-04-30T17:09:00Z	"#Conferencia ""El cerebro de Velázquez. Del arte y de lo humano"", impartida por Nazareth Castellanos (Nirakara Lab y Universidad Complutense de Madrid) el 23 de abril de 2025, en el marco del ciclo de conferencias ""Retrato de un cerebro: los artistas. De las neuronas a la creatividad"" https://t.co/2oaQUO0m25"
1918199527518928956	2025-05-02T09:03:00Z	"¿Qué día es hoy? 
El 2 de mayo de 1808 el pueblo de Madrid se alzó contra las tropas napoleónicas, dando inicio a la Guerra de la Independencia. Hoy, Día de la Comunidad de Madrid, lo recordamos con obras del Prado que muestran lo vivido en las calles aquel día https://t.co/L8xfGRi5Im"
1918229475117981845	2025-05-02T11:02:00Z	En el 2008 se restauraron el 2 y 3 de mayo de #Goya. Si quieres saber más sobre cómo fue la restauración, visita nuestra web: https://t.co/aQB0f1kPg9 https://t.co/hlnh2oObAm
1918244826178568266	2025-05-02T12:03:00Z	"""El 2 y el 3 de mayo de 1808 en Madrid"" de Goya #MuseodelPrado https://t.co/gUCZyOUetQ"
1918332526088593449	2025-05-02T17:51:29Z	La iniciativa “El Prado en las calles”, patrocinada por @FundIberdrolaES, sigue  despertando interés en Valencia y atrayendo al público https://t.co/CHOn9rsL61
1919288213312594400	2025-05-05T09:09:03Z	“El Greco. Santo Domingo el Antiguo”. Hasta el 15 de junio en la Galería Central del Museo del Prado https://t.co/7HcPK4CfNA https://t.co/aqlJtqkGNL
1919303551697973585	2025-05-05T10:10:00Z	Visita la exposición “Cambio de forma. Mito y metamorfosis en los dibujos romanos de José de Madrazo”. En la sala 60 hasta el 22 de junio https://t.co/8Fb1L3g3ky https://t.co/dRa7UsDQw9
1919319109264662870	2025-05-05T11:11:49Z	El sábado 3 de mayo #ElPradodeNoche batió récord de visitantes desde que se puso en marcha en 2023. Un total de 3.556 personas vinieron a ver las obras del Greco, Tiziano, Velázquez y Goya entre las 20.30 y las 23.30h. Con el apoyo de @SamsungEspana y @radio3_rne en la difusión https://t.co/43HGsVIpey
1919323708293861517	2025-05-05T11:30:06Z	El Museo del Prado lanza la primera edición del Programa de Gestión Integral de Museos, una iniciativa formativa única para profesionales de museos https://t.co/nggB2HMvvp https://t.co/LXcYGhdCcj
1919366191597961563	2025-05-05T14:18:54Z	"#PradoEducación Taller ""El Prado en Verano. Espíritu cromático"". Inscripciones abiertas https://t.co/afPef8d8Xn https://t.co/LoKlNy8CcU"
1919409751739531614	2025-05-05T17:12:00Z	"#Conferencia ""El cerebro de la creadora"", impartida por Susana Carmona (psicóloga y neurocientífica) el 26 de abril de 2024,  en el marco del ciclo de conferencias ""Retrato de un cerebro: los artistas. De las neuronas a la creatividad"" https://t.co/hBqq5IuYxe https://t.co/9HHxKlq47l"
1919654176772047196	2025-05-06T09:23:15Z	Por primera vez desde su dispersión se reúnen ocho de las nueve obras que el Greco realizó para el Monasterio de Santo Domingo el Antiguo de Toledo. Hasta el 15 de junio en la Galería Central del Museo del Prado https://t.co/7HcPK4CfNA https://t.co/cV86H6maI0
1919667268222439810	2025-05-06T10:15:17Z	Hasta el próximo 14 de mayo estará abierto el plazo para inscribirse en la próxima edición de la Escuela de Verano 2025 del Museo del Prado https://t.co/9RBU5HcTkQ Con el apoyo de @FBSabadell https://t.co/NCw18ifuJj
1919672057043816653	2025-05-06T10:34:18Z	#PradoEducación Si quieres estar al tanto de todas las actividades que se realizan en el museo, suscríbete al Boletín de actividades del Museo del Prado https://t.co/LKJd817UKg https://t.co/SJDqeeBvcW
1919682567382474861	2025-05-06T11:16:04Z	Helen Oyeyemi y Mathias Énard serán los protagonistas de la tercera edición de “Escribir el Prado”, una iniciativa conjunta con la Fundación Loewe en colaboración con Granta en español que invita a escritores de prestigio internacional a explorar el museo con el objetivo de alimentar la inspiración https://t.co/rNW1wP0Xfc
1920022372150608208	2025-05-07T09:46:20Z	"¿Cómo funcionaría el cerebro de Velázquez?
@NazaCastellanos nos habla sobre cómo sería el cerebro de un artista como Velázquez e introduce conceptos como la epigenética, la sincronización de cerebros maestro-alumno o el giro fusiforme https://t.co/G4WbTj5Qnz https://t.co/nURISmR2i4"
1920039780345118776	2025-05-07T10:55:30Z	Nazareth Castellanos, doctora en Neurociencia por la @UAM_Madrid, dirige en el Prado el ciclo “Retrato de un cerebro: los artistas. De las neuronas a la creatividad”, que termina con una conferencia de Javier de Felipe hoy a las 18:30 en el auditorio https://t.co/opdBToCqdA
1920048963903697351	2025-05-07T11:32:00Z	"#Curso El Prado lanza la primera edición del ""Programa de Gestión Integral de Museos"", una iniciativa formativa única para profesionales de museos. 
Preinscripciones a partir del 14 de mayo
https://t.co/aPqCNbelyo https://t.co/xXr5O7xdMf"
1920072758295146516	2025-05-07T13:06:33Z	"#PradoEducación Curso ""Aproximación a la Formación Profesional desde el Museo Nacional del Prado"" dirigido al profesorado de Formación Profesional. Los días 8 y 12 de mayo de 2025. Inscripciones abiertas aquí: https://t.co/bOTWIma5cO https://t.co/oDYlNABspw"
1920374341277016386	2025-05-08T09:04:56Z	“El Greco. Santo Domingo el Antiguo”. Hasta el 15 de junio en la Galería Central del Museo del Prado https://t.co/7HcPK4CfNA https://t.co/d3KeYlPBe4
1920384501512822931	2025-05-08T09:45:18Z	"Hasta el próximo 14 de mayo estará abierto el plazo para inscribirse en la próxima edición de la Escuela de Verano 2025 del Museo del Prado https://t.co/9RBU5HcTkQ Con el apoyo de
@FBSabadell https://t.co/Y6pGQCk7GH"
1920418169220427858	2025-05-08T11:59:05Z	"#Taller ""Error 404. Taller para una IA imperfecta"" el 14 de junio de 2025. Inscripción abierta el 20 de mayo a las 10 h https://t.co/gk0EkoM7B5 #PradoEducación https://t.co/RIbsapm3nj"
1920497166935818499	2025-05-08T17:13:00Z	"#Conferencia ""Mujeres que leen: una habitación propia"", impartida por Belén Artuñedo y Ada Salas el 2 de noviembre de 2024 en el en el marco de ""Poetas en el Prado V: El color de las palabras"" https://t.co/1tDcXYutJg https://t.co/xEsMM8BNNS"
1920738104953999424	2025-05-09T09:10:24Z	“El Greco. Santo Domingo el Antiguo”. Hasta el 15 de junio en la Galería Central del Museo del Prado https://t.co/7HcPK4CfNA https://t.co/tSa0h9kBgG
1920763653315330240	2025-05-09T10:51:55Z	"#VisitaDialogada ""Equilibrios sensibles"". Hoy a las 12:30 y 18:15 https://t.co/y1mOAZcTb3 #PradoEducación https://t.co/UW44RePAHK"
1920785405143630212	2025-05-09T12:18:21Z	#PradoEducación Si quieres estar al tanto de todas las actividades que se realizan en el museo, suscríbete al Boletín de actividades del Museo del Prado https://t.co/LKJd817UKg https://t.co/Zne18s5qxb
1920911328169885878	2025-05-09T20:38:44Z	El Museo de Colmenar de Oreja incorpora un nuevo depósito del Prado: el retrato de Antonio Mediano Foix de Ulpiano Checa en el marco del #PradoExtendido https://t.co/h7fNmFq7Ws https://t.co/ZtqBJ5d82H
1921828722463650137	2025-05-12T09:24:07Z	Últimos días para inscribirse en la Escuela de Verano 2025 del Museo del Prado, una iniciativa académica que tiene como objetivo contribuir desde un conocimiento práctico de la actividad museística, a la formación de jóvenes historiadores del arte, futuros conservadores y gestores de museos https://t.co/uMJvJb3Doi
1921835793603031251	2025-05-12T09:52:13Z	"#VisitaComentada Encuentro en ""Las salas 25 y 26: El Greco. Santo Domingo el Antiguo"". Los viernes a las 11.30 y 16.15 h https://t.co/tlsCF5qcrn #PradoEducación https://t.co/hqxbPCiQdM"
1921942189300453726	2025-05-12T16:55:00Z	"#Conferencia ""El jardín de la neurología: lo bello, el arte y el cerebro"", impartida por Javier de Felipe (Consejo Superior de Investigaciones Científicas) el 7 de mayo de 2025, en el ciclo de conferencias ""Retrato de un cerebro: los artistas. De las neuronas a la creatividad"" https://t.co/ngYnRzYhfY"
1922188086735200272	2025-05-13T09:12:07Z	"#Itinerario ""El Renacimiento en la pintura española"". Los miércoles a las 11.30 y 16.15 h https://t.co/zFf7yGhzG4 https://t.co/SL2B94hvkK"
1922210652774396332	2025-05-13T10:41:47Z	"#Taller ""Error 404. Taller para una IA imperfecta"" 14 de junio de 2025. Inscripción abierta el 20 de mayo a las 10h https://t.co/gk0EkoM7B5 #PradoEducación #art #MuseodelPrado https://t.co/jj3l2IOxqu"
1922240128409379035	2025-05-13T12:38:54Z	En una iniciativa conjunta con los ayuntamientos y la colaboración de la Fundación Amigos del Museo del Prado las obras del Prado toman las calles de Paiporta y su entorno para celebrar el #DíaInternacionaldelosMuseos https://t.co/hkZ5oCLI0b
1922270886595363048	2025-05-13T14:41:08Z	En un lugar de... la memoria https://t.co/XTO1qVr4ai #DIM2025
1922565731964645560	2025-05-14T10:12:44Z	#PradoEducación Si quieres estar al tanto de todas las actividades que se realizan en el museo, suscríbete al Boletín de actividades del Museo del Prado https://t.co/qdOdimUhQy https://t.co/7XYHYNMlzX
1922570077766873317	2025-05-14T10:30:00Z	Uclés en el Prado. Una conferencia sobre “Emilio y Octubre”, la novela inspirada en el Museo del Prado que el autor “La península de las casas vacías” publicó hace cinco años y nunca pudo presentar https://t.co/wfzWFnISfG https://t.co/8BNNNsBUry
1922606162559619193	2025-05-14T12:53:24Z	Con motivo de la “Noche de los Museos”, 17 de mayo, y el “Día internacional de los Museos”, 18 de mayo, el Museo del Prado abrirá sus puertas la noche del sábado y todo el domingo de forma gratuita https://t.co/8C4GFP8DSN https://t.co/bV0zblmiZm
1922668474998161419	2025-05-14T17:01:00Z	"#Conferencia ""Una poética presente inspirada en el pasado"", impartida por Ana Zamora (directora de escena y dramaturgia) el 10 de mayo de 2025 en el marco del ciclo de conferencias ""Poetas en el Prado VI. Lo que podría suceder"" https://t.co/5HwoaiXf8M https://t.co/HgUjdJi69U"
1922682566152188212	2025-05-14T17:57:00Z	Más de 200 años después el “Saturno” de Goya sigue inquietando… hasta en la serie “The Walking Dead: Dead City” (@AMCPlusEs) https://t.co/kEP4xX9O4r
1922695626883572147	2025-05-14T18:48:54Z	Si vienes a Madrid hay que visitar el Prado. @DUALIPA se emocionó viendo “El jardín de las delicias” del Bosco https://t.co/KuoGtWBuzF
1923288402801090847	2025-05-16T10:04:22Z	El Museo del Prado abrirá gratuitamente este sábado por la noche y todo el domingo por el #DíaInternacionaldelosMuseos https://t.co/8C4GFP8DSN #MuseumWeek https://t.co/BXBdJ9UAbb
1923306064394813887	2025-05-16T11:14:33Z	Con motivo del Día Internacional de los Museos el Prado ha llevado réplicas de obras maestras a 12 localidades de Valencia y una en Castilla-La Mancha. Esta semana comentamos algunas de ellas desde Torrent o Benetússer en nuestra cuenta de Instagram https://t.co/WR7QKCJfPU https://t.co/EVEzsZgVSF
1924364890774356141	2025-05-19T09:21:57Z	“El Greco. Santo Domingo el Antiguo”. Hasta el 15 de junio en la Galería Central del Museo del Prado https://t.co/7HcPK4CfNA https://t.co/lnB7OwpK0o
1924377988176720164	2025-05-19T10:14:00Z	Visita la exposición “Cambio de forma. Mito y metamorfosis en los dibujos romanos de José de Madrazo”. En la sala 60 hasta el 22 de junio https://t.co/8Fb1L3g3ky https://t.co/OaG4pqYuGx
1924406113409138811	2025-05-19T12:05:45Z	"#PradoEducación Encuentro ""Deslizar abierto II. Sobre arte y escuela. Un encuentro creativo con… Heike Freire: Cómo educar personas creativas con la Pedagogía Verde"". El próximo 23 de mayo de 2025 https://t.co/76ZC44LG2U https://t.co/G4mhX7a4hI"
1924406311183057289	2025-05-19T12:06:32Z	"#PradoEducación Jornada ""Arte y escuela 2025. Construir futuros posibles"". El 4 de junio de 2025. Inscripciones en: https://t.co/DIEoRvsn1Y https://t.co/9kQY9zaqj0"
1924416240518676660	2025-05-19T12:46:00Z	"""Uclés en el Prado"" será una conferencia en torno a ""Emilio y Octubre"", la novela inspirada en el Museo del Prado de David Uclés, el autor de ""La península de las casas vacías"". Este martes a las 18:30 en el auditorio. Entrada libre https://t.co/wfzWFnJq5e https://t.co/okAAx0g139"
1924486453213712441	2025-05-19T17:25:00Z	"#Conferencia ""La inventiva de Caravaggio: Tres cuadros en el Kunsthistorisches Museum de Viena"", impartida por Gudrun Swoboda (Kunsthistorisches Museum) el 14 de mayo de 2025, en el ciclo de conferencias ""Caravaggio y la pintura del naturalismo"" https://t.co/gZTJHdNm1Q https://t.co/i4ezG65ovg"
1924730932239417410	2025-05-20T09:36:28Z	"#PradoEducación Taller ""Fase beta. Taller para la reflexión y el uso docente de la IA"". El 7 de junio de 2025. Inscripciones en: https://t.co/vKvG9tabin https://t.co/Yb6aExVXUC"
1924739303109795904	2025-05-20T10:09:44Z	"#PradoEducación Taller de verano ""El Prado en Verano 2025. Espíritu cromático"" Del 23 de junio al 18 de julio de 2025. Inscripciones abiertas en: https://t.co/afPef8d8Xn https://t.co/kF5PjzjB7g"
1924743209499889948	2025-05-20T10:25:15Z	La visita virtual del Museo del Prado incluye vistas panorámicas 360º e imágenes en altísima resolución de las obras de la colección. Estés donde estés, accede gratis aquí: https://t.co/BUzwy8eNlj #NextGenerationEU #PlandeRecuperación https://t.co/rFHdF7XcBx
1924746309224804641	2025-05-20T10:37:34Z	"""Uclés en el Prado"" será una conferencia en torno a ""Emilio y Octubre"", la novela inspirada en el Museo del Prado de David Uclés, el autor de ""La península de las casas vacías"". Esta tarde a las 18:30 en el auditorio. Entrada libre y emisión en directo en nuestro canal de YouTube https://t.co/wCurwQQkDD"
1924763399403041235	2025-05-20T11:45:29Z	El Museo del Prado incorpora dos retratos virreinales peruanos del siglo XVIII en depósito de la Fundación Don Álvaro de Bazán https://t.co/ckTukNJxEd https://t.co/VyTdLYiqGP
1924806058939216309	2025-05-20T14:35:00Z	"#PradoEducación Encuentro ""Deslizar abierto II. Sobre arte y escuela. Un encuentro creativo con… Heike Freire: Cómo educar personas creativas con la Pedagogía Verde"". El próximo 23 de mayo de 2025 https://t.co/76ZC44LG2U https://t.co/3z23WBTDyi"
1924866949927813411	2025-05-20T18:36:57Z	David Uclés en el Prado. Sigue la conferencia por streaming: https://t.co/XXLmjijf1U https://t.co/zybYTd5xGC
1925091050336436314	2025-05-21T09:27:27Z	"#PradoEducación Jornada ""Arte y escuela 2025. Construir futuros posibles"" El 4 de junio de 2025. Inscripciones en : https://t.co/DIEoRvsn1Y #art #museos #MuseodelPrado https://t.co/31mtIT3fSC"
1925106555617161638	2025-05-21T10:29:04Z	"#PradoEducación Seminario ""Deslizar abierto. Sobre arte y escuela""  Los días 17 y 23 de junio de 2025. Inscripciones en: https://t.co/Quf3sZhOfo https://t.co/EXSdWwelce"
1925124031029625039	2025-05-21T11:38:30Z	#TalDíaComoHoy en 1471 nacía Durero en Núremberg. Os mostramos las obras del artista alemán en la colección del Museo del Prado https://t.co/vRtDxBiFXq https://t.co/1UBLUtYDD3
1925465401846083924	2025-05-22T10:14:59Z	"#PradoEducación Seminario ""Deslizar abierto. Sobre arte y escuela""  Los días 17 y 23 de junio de 2025. Inscripciones en: https://t.co/Quf3sZhOfo https://t.co/poeWz4rRga"
1925501591836086436	2025-05-22T12:38:48Z	En las obras del Museo del Prado hay multitud de escenas de lectura como estas de López Cabrera y Sotomayor, entre otras que podéis ver en nuestra web. Un año más, el gran encuentro con los libros empieza en la Feria del Libro el 30 de mayo #FLMadrid25 https://t.co/55bo4Zten3 https://t.co/CUJq845SEz
1925524553368735961	2025-05-22T14:10:02Z	"Últimas semanas para visitar ""El Greco. Santo Domingo el Antiguo"". Por primera vez desde su dispersión se reúnen ocho de las nueve obras que el Greco hizo para el Monasterio de Santo Domingo el Antiguo de Toledo. Hasta el 15 de junio en el Museo del Prado https://t.co/xFaNIWl2ru https://t.co/yqqkcrwrOZ"
1925849113863524621	2025-05-23T11:39:43Z	"Primera edición del ""Programa de Gestión Integral de Museos"", una iniciativa formativa para profesionales de museos que propone una experiencia de conocimiento integral guiada por profesionales del Prado. Inscripciones abiertas: https://t.co/aPqCNbelyo https://t.co/s4sWlP9wxK"
1925871959092424779	2025-05-23T13:10:30Z	"#PublicacionesPrado Nueva edición de ""El Museo del Prado"", el libro imprescindible para conocer a fondo la colección, con nuevo formato e imágenes actualizadas por el Archivo Fotográfico del Museo del Prado https://t.co/XG3mIqe5UF https://t.co/Z6Hzlyglt4"
1926915682307854547	2025-05-26T10:17:53Z	"Hoy a las 11 am se presenta a los medios de comunicación la exposición ""Paolo Veronese (1528-1588)"". Podéis seguir la rueda de prensa en directo en: https://t.co/TnNXGIWDIH https://t.co/ptGBWmMpYu"
1926928745211813922	2025-05-26T11:09:48Z	"Comienza la rueda de prensa de la exposición ""Paolo Veronese (1528-1588)"". Se puede seguir en directo en https://t.co/TnNXGIWDIH https://t.co/rgDwTlNh4c"
1926947183942574397	2025-05-26T12:23:04Z	"Primera edición del ""Programa de Gestión Integral de Museos"", una iniciativa formativa para profesionales de museos que propone una experiencia de conocimiento integral guiada por profesionales del Prado. Inscripciones abiertas: https://t.co/jEXefaE50W https://t.co/VaWEAyiR4l"
1926960466485539071	2025-05-26T13:15:51Z	"A partir de mañana se podrá visitar la exposición ""Paolo Veronese (1528-1588)"" patrocinada por la @FundacionAXA https://t.co/aVklEexUYD"
1927266803320807487	2025-05-27T09:33:07Z	"Ya se puede visitar ""Paolo Veronese (1528-1588)"", la primera gran exposición monográfica dedicada en España a Veronese, uno de los maestros más brillantes del Renacimiento veneciano. Se podrá visitar hasta el 21 de septiembre. Con el patrocinio de @FundacionAXA https://t.co/aRDaKrcGZC"
1927299692712403172	2025-05-27T11:43:48Z	"#PradoEducación Seminario ""Deslizar abierto. Sobre arte y escuela"". Los días 17 y 23 de junio de 2025 https://t.co/Quf3sZhOfo https://t.co/kDPYicNGLk"
1927312776034152929	2025-05-27T12:35:48Z	“Paolo Veronese (1528-1588)”, una ocasión irrepetible para conocer en profundidad la obra de uno de los artistas más brillantes y deslumbrantes del Renacimiento europeo, clave para comprender el gusto artístico de su época y su influencia en la pintura española del Siglo de Oro https://t.co/J6wdZS8OZx
1927386817117982911	2025-05-27T17:30:00Z	"#Conferencia ""Actualizaciones sobre Caravaggio y el caravaggismo. Novedades de la exposición de Roma: «Caravaggio 2025»"", impartida por Maria Cristina Terzaghi (Università di Roma Tre, Roma) el 17 de mayo de 2025, en el ciclo de conferencias ""Caravaggio y la pintura del naturalismo"" https://t.co/iBqLWhWQft"
1927626387885551941	2025-05-28T09:21:59Z	"#PradoEducación Taller de verano ""El Prado en Verano 2025. Espíritu cromático"" Del 23 de junio al 18 de julio de 2025. Inscripciones abiertas en: https://t.co/o1LLs4l9ya https://t.co/cj8bkiPbxT"
1927641370040189108	2025-05-28T10:21:31Z	"Primera edición del ""Programa de Gestión Integral de Museos"", una iniciativa formativa para profesionales de museos que propone una experiencia de conocimiento integral guiada por profesionales del Prado. Inscripciones abiertas: https://t.co/jEXefaE50W https://t.co/QBPJ5F8hEj"
1927659979810427098	2025-05-28T11:35:28Z	"Últimas semanas para visitar ""El Greco. Santo Domingo el Antiguo"". Por primera vez desde su dispersión se reúnen ocho de las nueve obras que el Greco hizo para el Monasterio de Santo Domingo el Antiguo de Toledo. Hasta el 15 de junio en el Museo del Prado https://t.co/7HcPK4CfNA https://t.co/9E0wqjLSQB"
1927662619739017366	2025-05-28T11:45:57Z	"#PradoEducación ""Visita descriptiva: Maniera Veronese"" A partir del 5 junio de 2025 https://t.co/OaOjXRBfep https://t.co/0uxPSSa5RC"
1927685613966221713	2025-05-28T13:17:19Z	"Esta tarde a las 18:30h comienza el ciclo de conferencias en torno a ""Paolo Veronese (1528-1588)"" con la ponencia del co-comisario de la exposición, Enrico Maria dal Pozzolo, de la Università degli studi di Verona

Programa completo: https://t.co/nUBuzH7tj8 https://t.co/P85cAomz3M"
1927703113521102952	2025-05-28T14:26:51Z	"Ya está disponible el catálogo de la nueva exposición ""Paolo Veronese 1528-1588"", comisariada por Miguel Falomir, director del Museo del Prado, y Enrico Maria dal Pozzolo, profesor de la Università degli Studi di Verona https://t.co/yABclXyrvg Vídeo: Land Comunicazioni https://t.co/TA9cGwIjqs"
1927752581993886044	2025-05-28T17:43:26Z	La fuerza creadora de Rubens en la colección del Prado llega a @CaixaForum Barcelona https://t.co/0rpHGYrA9e https://t.co/3jFb8JFuIJ
1927986945537315029	2025-05-29T09:14:42Z	#PradoEducación Si quieres estar al tanto de todas las actividades que se realizan en el museo, suscríbete al Boletín de actividades del Museo del Prado https://t.co/LKJd817UKg https://t.co/4ix0zYl9ID
1927992227315204485	2025-05-29T09:35:42Z	"Últimas semanas para visitar ""El Greco. Santo Domingo el Antiguo"". Por primera vez desde su dispersión se reúnen ocho de las nueve obras que el Greco hizo para el Monasterio de Santo Domingo el Antiguo de Toledo. Hasta el 15 de junio en el Museo del Prado https://t.co/7HcPK4CfNA https://t.co/6YH1hgK2dJ"
1928003783142826020	2025-05-29T10:21:37Z	"#PradoEducación Seminario ""Deslizar abierto. Sobre arte y escuela""  Los días 17 y 23 de junio de 2025. Inscripciones en: https://t.co/8zOwPig5j4 https://t.co/ooupFo6YuV"
1928112093867249966	2025-05-29T17:32:00Z	"#Conferencia ""Rubens y Caravaggio. El encuentro de dos genios"", impartida por Ana Diéguez-Rodríguez (Instituto Moll) el 21 de mayo de 2025, en el marco del ciclo de conferencias ""Caravaggio y la pintura del naturalismo"" https://t.co/Y0iTW0Tk8R https://t.co/f332C9Rv1A"
1928396168062513200	2025-05-30T12:20:48Z	"El programa ""Pinceladas sonoras"" seguirá poniendo música a las obras del Museo del Prado todos los martes y jueves en junio con la joven pianista Mariam Chitanava. Con el apoyo de @amazon https://t.co/pBv8xIIgGr https://t.co/OzqNFCc5xg"
1928399845464678495	2025-05-30T12:35:25Z	"""Paolo Veronese (1528-1588)"" es la primera gran exposición monográfica dedicada a Paolo Veronese en España. Con la colaboración de @FundacionAXA. Hasta el 21 de septiembre en el Museo del Prado https://t.co/jOL2OIVnwV https://t.co/QAYb6vcPP4"
1928837121097523647	2025-05-31T17:33:00Z	"#Conferencia ""Caravaggio y el primer naturalismo en España: una mirada desde dentro"", impartida por Rafael Japón (Universidad Autónoma de Madrid) el 24 de mayo de 2025 en el ciclo de conferencias ""Caravaggio y la pintura del naturalismo"" https://t.co/rq60lDPDU0 https://t.co/cXD3fat6T1"
1929439335998226790	2025-06-02T09:25:59Z	"Primera edición del ""Programa de Gestión Integral de Museos"", una iniciativa formativa para profesionales de museos que propone una experiencia de conocimiento integral guiada por profesionales del Prado. Inscripciones abiertas: https://t.co/aPqCNbelyo https://t.co/i15cAorSsK"
1929441241399206118	2025-06-02T09:33:33Z	"#PradoEducación Seminario ""Deslizar abierto. Sobre arte y escuela""  Los días 17 y 23 de junio de 2025. Inscripciones en: https://t.co/Quf3sZhOfo https://t.co/glmal7CN47"
1929512954006852033	2025-06-02T14:18:31Z	El Museo del Prado celebra este 3 de junio los 1.000 directos publicados en Instagram https://t.co/g0E5gcvrB4 https://t.co/L5PKHdqelP
1929815764761973145	2025-06-03T10:21:47Z	Hoy celebramos los 1000 directos publicados en Instagram con un invitado de excepción: @casareal. Podéis ver el vídeo completo en: https://t.co/piTRGsDWji https://t.co/9ufp19Qxij
1929860315656659436	2025-06-03T13:18:48Z	El Museo del Prado y la Fundación Carasso celebran la II Jornada “Arte y Escuela 2025” para impulsar políticas culturales en el aula https://t.co/iRtrxHF3Q5 https://t.co/kxQiiC3obO
1930158000355872779	2025-06-04T09:01:42Z	"""Paolo Veronese 1528-1588"", catálogo de la exposición comisariada por Miguel Falomir, director del Museo del Prado, y Enrico Maria dal Pozzolo, de la Università degli Studi di Verona. Veronés cierra el ciclo dedicado a la pintura veneciana del Renacimiento https://t.co/yABclXyrvg https://t.co/gRqGC1t88I"
1930166892783718880	2025-06-04T09:37:02Z	"#PradoEducación Se está celebrando la jornada
“Arte y escuela 2025. Construir futuros posibles” en el auditorio del Museo del Prado https://t.co/DIEoRvsn1Y https://t.co/kGdrRhJvle"
1930169793694310811	2025-06-04T09:48:34Z	#Visitaguiada con Miguel Falomir, comisario de la exposición “Paolo Veronese (1528-1588)”. Los días 10, 11, 23 y 24 de junio. Inscripciones abiertas: https://t.co/WVdCILsAHX https://t.co/Jbx9XU9aex
1930526892521623557	2025-06-05T09:27:33Z	#Visitasguiadas a la exposición “Paolo Veronese (1528-1588)”. De martes a domingo a las 12:00 h https://t.co/bz8apRw6OD https://t.co/G4CXSlOk2A
1930533304035389873	2025-06-05T09:53:01Z	La visita virtual del Museo del Prado incluye vistas panorámicas 360º e imágenes en altísima resolución de las obras de la colección. Estés donde estés, accede gratis aquí: https://t.co/BUzwy8eNlj #NextGenerationEU #PlandeRecuperación https://t.co/yx1gmdyYRx
1930536065817067972	2025-06-05T10:04:00Z	Si eres estudiante, solicita tu beca antes del 19 de junio para el curso de verano El viaje del arte de la Fundación Amigos del Museo del Prado, que tendrá lugar del 1 al 3 de julio, en formato presencial y on line https://t.co/Ap8abmciol https://t.co/eIYpV5z8XM
1930548014390689886	2025-06-05T10:51:29Z	"Cinco años después de ""Reencuentro"", la exposición con la que el Museo del Prado reabrió tras la pandemia, revivimos el sobrecogedor diálogo entre el ""Saturno"" de Rubens y el de Goya. Hoy Miguel Falomir, director del museo, recuerda aquellos momentos https://t.co/yulo4qfJWm https://t.co/jTeJe00hGb"
1930570750332723295	2025-06-05T12:21:49Z	Hoy comienza en el auditorio el congreso internacional “Los públicos de los primeros museos públicos (siglos XVIII y XIX). Fuentes visuales”, dirigido por Carla Mazzarelli y David García Cueto https://t.co/oTbf5YzxCJ https://t.co/QQrTk97IM1
1930588898331185409	2025-06-05T13:33:56Z	El Museo del Prado rememora “Reencuentro” cinco años después de la covid https://t.co/Um9AmEz0jN #VuelvealPrado https://t.co/R55fKeEiJM
1930902902710686144	2025-06-06T10:21:41Z	El Museo del Prado abrirá de nuevo sus puertas la noche de este sábado 7 de junio de 20.30 a 23.30 h. Con la colaboración de Samsung y Radio 3 https://t.co/hDZUiworQX #art #MuseodelPrado #ElPradodeNoche https://t.co/4jY1Rc3yjq
1930919558354731456	2025-06-06T11:27:52Z	El Museo del Prado abre en horario nocturno la exposición “Paolo Veronese (1528-1588)” este sábado #ElPradodeNoche https://t.co/P5RwoHL553 https://t.co/E2D9y9OhSk
1931004654659289273	2025-06-06T17:06:00Z	"#ElPradodeNoche Este sábado 7 podrán visitarse gratuitamente en horario nocturno las exposiciones ""Paolo Veronese (1528-1588)"" y “Cambio de forma. Mito y metamorfosis en los dibujos romanos de José de Madrazo” https://t.co/XYlngn3DFf 
Colaboran @radio3_rne y @SamsungEspana"
1931317552275165373	2025-06-07T13:49:21Z	Hoy vuelve #ElPradodeNoche
1931319937617875103	2025-06-07T13:58:49Z	El Prado redescubre a Veronese en una muestra que revela su complejidad oculta https://t.co/CIZKQiM04N vía @el_pais
1931999695213150579	2025-06-09T10:59:56Z	Presentamos a los medios de comunicación la nueva exposición “Tan lejos, tan cerca. Guadalupe de México en España”. Conéctate en directo a la rueda de prensa https://t.co/rw4qOkzEl3 https://t.co/ATIbj7L68e
1932001227379802355	2025-06-09T11:06:02Z	Comienza la presentación a los medios de comunicación de la exposición “Tan lejos, tan cerca. Guadalupe de México en España”. Se puede seguir en directo en https://t.co/LnwRnw9crG https://t.co/Gkx9rOT1PO
1932033239482351870	2025-06-09T13:13:14Z	“Tan lejos, tan cerca. Guadalupe de México en España”, una exposición única que ofrece una mirada inédita sobre el diálogo artístico entre América y Europa en los siglos XVII y XVIII https://t.co/oLAXaXwAME https://t.co/0OFBcT5CfJ
1932354470660149637	2025-06-10T10:29:41Z	"#PradoEducación El taller ""Pervivencia del símbolo y la tradición"", de la mano de la artista Elizabeth Hernández, es un curso destinado a personas que quieran conocer las técnicas de tejido y bordados artesanales y su aplicación en diseños actuales #ExpoGuadalupe https://t.co/UJ0qWhRIUz"
1932370661269225938	2025-06-10T11:34:02Z	"#PradoEducación ""Tan lejos, tan cerca. Guadalupe de México en España"". Las claves de la exposición, todos los jueves en la sala de conferencias del Museo del Prado. Más información en nuestra web: https://t.co/ugcSsKg0dm https://t.co/BcOpPq2May"
1932480353618571539	2025-06-10T18:49:54Z	"El ciclo de conferencias de la exposición ""Tan lejos, tan cerca. Guadalupe de México en España"" se abre con la ponencia de la co-comisaria Paula Mues Orts, titulada ""Única efigie, retratos múltiples. Guadalupe de México y sus copias"". Más actividades: https://t.co/6FBmFflqU5 https://t.co/y5G0kQo0hS"
1932722854128226564	2025-06-11T10:53:31Z	"Últimos días para visitar la exposición que reúne ocho de las nueve pinturas que el Greco llevó a cabo en su primer gran encargo recién llegado a Toledo en 1577: ""El Greco. Santo Domingo el Antiguo"" https://t.co/xFaNIWl2ru https://t.co/yH49WuRk9b"
1932752152654483830	2025-06-11T12:49:56Z	"#PradoEducación Concierto ""Dos Guadalupes y una sola devoción. Música barroca de América colonial"", interpretado por The Rare Fruits Council. Colabora @ICCMU. Este viernes a las 19:00h. Entradas disponibles: https://t.co/ToR1ZwbO1K https://t.co/waESIFczhv"
1932759391599505730	2025-06-11T13:18:42Z	"Dentro del ciclo de conferencias en torno a la exposición ""Paolo Veronese (1528-1588)"" esta tarde a las 18:30h Miguel Falomir, co-comisario de la exposición, impartirá la ponencia ""Veronese, pintor de cortes""

Programa completo: https://t.co/nUBuzH7tj8 https://t.co/6B5JOxmQ4d"
1932841918901453131	2025-06-11T18:46:38Z	"Comienza la conferencia de Miguel Falomir ""Veronese, pintor de cortes"" en el auditorio de Museo del Prado. Podéis consultar el programa y recuperar el ciclo completo en nuestra web: https://t.co/nUBuzH818G https://t.co/SlUiJPzCMB"
1933088546346106999	2025-06-12T11:06:39Z	"El barroco americano sonará en el Museo del Prado este viernes con un concierto a propósito de la exposición ""Tan lejos, tan cerca. Guadalupe de México en España"" https://t.co/UqNxogXdcx https://t.co/XVJuZw1i2J"
1933119214140760447	2025-06-12T13:08:30Z	“Paolo Veronese (1528-1588)” en el Museo del Prado. Una ocasión irrepetible para conocer en profundidad la obra de uno de los artistas más brillantes y deslumbrantes del Renacimiento europeo https://t.co/jOL2OIVnwV https://t.co/7a194dmR8q
1933139656108863909	2025-06-12T14:29:44Z	"""Poder esencial"": la mirada de la mujer rural del Valle del Jerte en el Museo del Prado dentro del programa de actividades de PhotoEspaña 2025 https://t.co/CcIYwYUpB5 https://t.co/x7yX2fYwZL"
1933443169447772277	2025-06-13T10:35:47Z	Anatomía de una gran exposición: cómo El Prado reunió, restauró y exhibió las obras maestras de Paolo Veronese  https://t.co/FFpz5LoEL3 a través de @el_pais
1933482446617559546	2025-06-13T13:11:52Z	"El actor Bill Murray y el músico Jan Vogler (@jancello) interpretan en el Museo del Prado su versión del poema ""Dog"", de Lawrence Ferlinghetti, frente a la obra ""Fábula del perro y la presa”, de Paul de Vos https://t.co/cXwiG5reCX"
1934156982497198225	2025-06-15T09:52:14Z	Último día para visitar “El Greco. Santo Domingo el Antiguo” en el Museo del Prado. La exposición que reúne por primera vez desde su dispersión ocho de las nueve obras que el Greco realizó para la iglesia del Monasterio de Santo Domingo el Antiguo de Toledo https://t.co/64iuVU4B0k
1934513511373119943	2025-06-16T09:28:57Z	"#PublicacionesPrado ""Paolo Veronese 1528-1588"", el catálogo de la exposición. Textos a cargo de Enrico Maria Dal Pozzolo, profesor de la Università di Verona, y Miguel Falomir, director del Museo del Prado https://t.co/yABclXyrvg Vídeo: Land Comunicazioni https://t.co/gFJlzrdyrS"
1934538085699571855	2025-06-16T11:06:36Z	"#PradoEducación Taller ""Pervivencia del símbolo y la tradición"", una experiencia inmersiva de la mano de la artista y artesana textil mexicana Elizabeth Hernández en la exposición ""Tan lejos, tan cerca. Guadalupe de México en España"". 24, 25 y 26 de junio https://t.co/UJ0qWhRIUz Colabora @casademexicoesp"
1934947130948342145	2025-06-17T14:12:00Z	#EscribirElPrado “La belleza de los cambios”. Conversación con Helen Oyeyemi y Valerie Miles el martes 24 de junio https://t.co/IBCp65VNpQ https://t.co/oMR2v9fgd8
1935270491000021110	2025-06-18T11:36:55Z	"#PradoEducación #Concierto “Música en tiempos de Veronese"" en el Museo Nacional del Prado. Una muestra de la revolución sonora que supuso el ‘estilo veneciano’. El viernes 20 de junio a las 19h, con la colaboración del @ICCMU  https://t.co/EgaULWgOIs https://t.co/nOBybdCXQx"
1935330048174686285	2025-06-18T15:33:34Z	"""Música en tiempos de Veronese"" en el Museo del Prado. Una selección inédita de motetes, madrigales y música instrumental para imaginar cómo sonaba la Venecia renacentista. Con la colaboración del @ICCMU. Este viernes a las 19h https://t.co/hD1hk01s8l https://t.co/MzbAdeY7tS"
1935364395325894808	2025-06-18T17:50:03Z	"Exposición ""Tan lejos, tan cerca. Guadalupe de México en España"". Hasta el 14 de septiembre. Con la colaboración de Rassini y la Comisión Arte Virreinal de la Fundación Amigos Museo del Prado https://t.co/dc4ZMQh2bX"
1935663152357646683	2025-06-19T13:37:13Z	"#PradoEducación #Concierto “Música en tiempos de Veronese"" en el Museo Nacional del Prado. Una muestra de la revolución sonora que supuso el ‘estilo veneciano’. El viernes 20 de junio a las 19h, con la colaboración del
@ICCMU https://t.co/EgaULWggSU https://t.co/ATtzQHJNaj"
1935918137091780930	2025-06-20T06:30:26Z	"""La belleza de los cambios"". Helen Oyeyemi, autora en residencia dentro del programa #EscribirelPrado, en conversación con la editora Valerie Miles el próximo martes 24 de junio a las 18:30. Entrada libre hasta completar aforo https://t.co/R1BXE5I7gv https://t.co/xzJDUshLNy"
1935949140132831719	2025-06-20T08:33:37Z	"#PublicacionesPrado ""Guadalupe de México en España"", el catálogo. Edición a cargo de Jaime Cuadriello y Paula Mues Orts, comisarios de la exposición. Disponible en español y en inglés

Español: https://t.co/2CFwMRh2HN
Inglés: https://t.co/kFSlOuT0QL https://t.co/UGD2vZ9z9A"
1936045361568579811	2025-06-20T14:55:58Z	“Paolo Veronese (1528-1588)”. Hasta el 21 de septiembre en el Museo del Prado https://t.co/jOL2OIVnwV https://t.co/JPtoftyZH4
1937065225125064823	2025-06-23T10:28:33Z	"#PradoEducación Taller ""Pervivencia del símbolo y la tradición"", con la artista y artesana textil mexicana Elizabeth Hernández en la exposición ""Tan lejos, tan cerca. Guadalupe de México en España"". 24, 25 y 26 de junio https://t.co/VQi0R48HKQ Colabora @casademexicoesp https://t.co/NZYYm53FSV"
1937087008511344975	2025-06-23T11:55:06Z	El Museo del Prado celebra el primer encuentro con sus seguidores en Instagram este jueves 26 de junio a las 18:30 https://t.co/3VKUiGGKii https://t.co/c39W1W9Iae
1937412645079900340	2025-06-24T09:29:04Z	"Esta tarde a las 18:30h tendrá lugar la conversación ""La belleza de los cambios"" entre la escritora Helen Oyeyemi y la editora Valerie Miles, con motivo del programa ""Escribir el Prado"", patrocinado por Fundación @LoeweOfficial https://t.co/8bNnD5zFr9 https://t.co/tWpsVWHh9Q"
1937437946723926190	2025-06-24T11:09:37Z	"#PublicacionesPrado ""Paolo Veronese 1528-1588"", el catálogo de la exposición. Textos a cargo de Enrico Maria Dal Pozzolo, profesor de la Università di Verona, y Miguel Falomir, director del Museo del Prado
Español: https://t.co/yABclXyrvg 
Inglés: https://t.co/qYeXlCUwdx https://t.co/kvtdJxKbaN"
1937462154581385430	2025-06-24T12:45:48Z	"""Tan lejos, tan cerca. Guadalupe de México en España"". Hasta el 14 de septiembre en el Museo del Prado https://t.co/6FBmFfkT4x https://t.co/JVHn3lCidi"
1937552395334189283	2025-06-24T18:44:23Z	"Sigue en directo ""La belleza de los cambios"", con Helen Oyeyemi y Valerie Miles: https://t.co/YvYxJP0ETB #EscribirElPrado https://t.co/4Bd6c9NhLy"
1937780250403914021	2025-06-25T09:49:48Z	"¡Os esperamos mañana a las 18.30h en el auditorio del museo para celebrar ""Los directos del Prado""! https://t.co/ZMVwigiz6O"
1938177721684640008	2025-06-26T12:09:13Z	¡Os esperamos esta tarde a las 18.30h en el auditorio del Museo del Prado para celebrar los 1000 directos publicados en Instagram! Las entradas se repartirán directamente en la Puerta de los Jerónimos https://t.co/ZMVwigiz6O https://t.co/mxEAk7RkWt
1938272194091749723	2025-06-26T18:24:37Z	En unos minutos comenzará el Encuentro sobre “Los directos del Prado”. Se puede seguir desde nuestra cuenta de IG https://t.co/Ls1AhLtybU https://t.co/AOkZWaZ0fR
1938490485703622856	2025-06-27T08:52:01Z	Los ‘influencers’ del Museo del Prado celebran sus 1.000 directos https://t.co/25DrWw5CmC @el_pais
1938530516451398027	2025-06-27T11:31:05Z	"Gran acogida del primer encuentro del Museo del Prado con sus seguidores de Instagram https://t.co/zcBDFllfxm

El evento, el que participaron más de 15 personas habituales de los directos de Instagram del museo, puede verse íntegro aquí: https://t.co/K90wMOYbUY https://t.co/vNhmLWZkMb"
1938540559641219558	2025-06-27T12:11:00Z	La exposición “Paolo Veronese (1528-1588)” cierra un ambicioso programa de investigaciones, restauraciones y exposiciones dedicado a la pintura veneciana del Renacimiento, piedra fundacional de la antigua colección real y del actual Museo del Prado https://t.co/jOL2OIVVmt https://t.co/vIht3ctlry
1939602824167412161	2025-06-30T10:32:04Z	Estés donde estés, puedes detenerte a ver las obras del Museo del Prado desde cualquier lugar del mundo con la visita virtual gratuita a la colección #NextGenerationEU #PlandeRecuperación https://t.co/kgpkYNcDTz
1939604492351132147	2025-06-30T10:38:41Z	Esta mañana presentamos a los medios de comunicación la exposición “El pintor Antonio Muñoz Degrain (1840-1924) https://t.co/M4LA4BjeQd
1939620506405405166	2025-06-30T11:42:19Z	El Museo del Prado presenta una muestra dedicada a Antonio Muñoz Degrain en la sala de exposiciones del XIX https://t.co/FL49PqyQhG https://t.co/Wx2LiEoHMu
1939708593005040033	2025-06-30T17:32:21Z	"#PradoEducación Visita descriptiva ""Maniera Veronese"", un recorrido guiado para personas ciegas o con baja visión y sus acompañantes a la exposición ""Paolo Veronese (1528-1588)"". Inscríbete aquí: https://t.co/s0F0LQ1j5z https://t.co/apd3CIIta9"
1939951261274579203	2025-07-01T09:36:37Z	"""Reencuentro, cinco años después"" rememora en la Galería Central del Museo del Prado la reapertura del museo tras 87 días de cierre por la emergencia sanitaria provocada por la COVID-19 https://t.co/qkgLdSyX77 https://t.co/EaSPIK1JtT"
1939968337603149977	2025-07-01T10:44:29Z	Todos los días de la semana ofrecemos visitas guiadas a las obras maestras del Museo del Prado: el Bosco, Sofonisba Anguissola, Rubens, Velázquez o Goya. Podéis apuntaros en las taquillas del museo https://t.co/wnpWBMaIXp #PradoEducación https://t.co/c2Y9xeh3np
1940059875100566001	2025-07-01T16:48:13Z	El Museo del Prado cierra el primer semestre de 2025 con el mayor número de visitantes de los últimos cinco años https://t.co/8y61rFXUtV https://t.co/MD3tX539yz
1940311118540644855	2025-07-02T09:26:34Z	El Museo del Prado volverá a abrir sus puertas la noche del sábado 12 de julio #ElPradodeNoche https://t.co/hDZUiwoZGv https://t.co/pcovmhobxq
1940368599254028543	2025-07-02T13:14:59Z	"Como parte de @photoespana 2025 se expone el resultado del taller de fotografía ""Poder esencial"", un proceso de creación desarrollado por #PradoEducación y un grupo de mujeres de la Mancomunidad de Municipios Valle del Jerte. Hasta el 14 de septiembre https://t.co/QF1d0L8tYa https://t.co/KAOOlLp0t2"
1940375657302643085	2025-07-02T13:43:01Z	"""Imagen y apariciones de Nuestra Señora de Guadalupe"", de José Juárez (1656), con Paula Mues Orts, co-comisaria de la exposición ""Tan lejos, tan cerca. Guadalupe de México en España"" https://t.co/FOC1toN6Q3"
1940452158433800697	2025-07-02T18:47:01Z	"""Veronese, pintor de cortes"". Vídeo de la conferencia impartida por Miguel Falomir Faus, director del Museo del Prado y co-comisario de la exposición ""Paolo Veronese (1528-1588)"" https://t.co/quOZmmnVCl 
Celebrada el 11 de junio de 2025 https://t.co/XhLWPMOwuT"
1940698071983141061	2025-07-03T11:04:11Z	“Paolo Veronese (1528-1588)” en el Museo del Prado. Una ocasión irrepetible para conocer en profundidad la obra de uno de los artistas más brillantes y deslumbrantes del Renacimiento europeo https://t.co/kHkrupYIe6 https://t.co/PkYBR7tfpz
1940719593640571269	2025-07-03T12:29:42Z	https://t.co/xVhhTVF4Po
1940720207758348680	2025-07-03T12:32:09Z	"#PublicacionesPrado ""Paolo Veronese 1528-1588"", el catálogo de la exposición

Español: https://t.co/yABclXyZkO
Inglés: https://t.co/qYeXlCV435"
1941047157949452638	2025-07-04T10:11:20Z	"""Veronese, pintor de cortes"". Vídeo de la conferencia impartida por Miguel Falomir Faus, director del Museo del Prado y co-comisario de la exposición ""Paolo Veronese (1528-1588)"" https://t.co/RkacLSfInz  Celebrada el 11 de junio de 2025 https://t.co/Jl2mYmjkKo"
1942134779257737300	2025-07-07T10:13:09Z	“Paolo Veronese (1528-1588)” en el Museo del Prado. Una ocasión irrepetible para conocer en profundidad la obra de uno de los artistas más brillantes y deslumbrantes del Renacimiento europeo. Con el patrocinio de @FundacionAXA https://t.co/jOL2OIVnwV https://t.co/I2J7LSe2Ba
1942143047007138203	2025-07-07T10:46:00Z	"#PradoEducación ""Lugares de trabajo"". Los lunes proponemos un itinerario por las colecciones del Museo del Prado a través de una serie de obras que muestran el desarrollo de diferentes labores y oficios desde el siglo XVI hasta inicios del XX. Horarios: https://t.co/C3yFQewi5x https://t.co/vfLLmamSBy"
1942510904999866397	2025-07-08T11:07:44Z	“Tan lejos, tan cerca. Guadalupe de México en España”. Una nueva mirada sobre el papel de la Virgen de Guadalupe como imagen revelada, objeto de culto y símbolo de identidad en el ámbito hispano. Hasta el 14 de septiembre en el Museo del Prado https://t.co/9AnmLRQES3
1942514457457868819	2025-07-08T11:21:51Z	Visitas guiadas a la exposición “Paolo Veronese (1528-1588)”. De martes a domingo a las 12:00 #PradoEducación https://t.co/DoVH6RNQWU https://t.co/er5NTmrAdw
1942551317781549561	2025-07-08T13:48:19Z	El Museo del Prado extiende al verano las aperturas nocturnas gratuitas y acumula más de 12.000 visitas en lo que va de año https://t.co/8L4ha1XeLR #ElPradodeNoche https://t.co/HLmA4ErDQd
1942864747503956292	2025-07-09T10:33:47Z	"#PradoEducación Teatro. ""El socorro de Cádiz: aires de carnaval"", el 10 y 11 de julio a las 19h en el Auditorio del Museo del Prado https://t.co/XiRx2kN10h https://t.co/lEpM7XZdea"
1942889869354623206	2025-07-09T12:13:36Z	"Este sábado 12 de julio en #ElPradodeNoche podrán visitarse gratuitamente las exposiciones “Paolo Veronese (1528-1588)” y “Tan lejos, tan cerca. Guadalupe de México en España” de 20:30 a 23:30 https://t.co/XYlngn3DFf Con la colaboración tecnológica de
@SamsungEspana y @radio3_rne en la difusión"
1942920426545414319	2025-07-09T14:15:02Z	Desde cualquier lugar del mundo puedes pasear por el Museo del Prado y detenerte en los detalles de las obras en alta calidad a través de la visita virtual https://t.co/BUzwy8eNlj #NextGenerationEU #PlandeRecuperación https://t.co/4eq5ElTBxt
1942922978670309379	2025-07-09T14:25:10Z	El Museo del Prado cerró 2024 con un resultado presupuestario positivo de 22,8 millones de euros https://t.co/XOvFvu9GOU https://t.co/nFjnblZ4z0
1943225076410724837	2025-07-10T10:25:36Z	“Paolo Veronese (1528-1588)” cierra un ambicioso programa de investigaciones, restauraciones y exposiciones dedicado a la pintura veneciana del Renacimiento, piedra fundacional de la antigua colección real y del actual Museo del Prado. Colabora @FundacionAXA https://t.co/Jgzd9m71hz
1943264037694787672	2025-07-10T13:00:25Z	#PradoEducación Teatro del Siglo de Oro en el Museo del Prado: “El socorro de Cádiz: aires de carnaval”, un montaje inspirado en “La defensa de Cádiz” de Zurbarán. Funciones hoy y mañana a las 19:00 https://t.co/XiRx2kMtaJ Colaboran @unicomplutense y Fundación @CarlosdeAmberes https://t.co/CsJ9tGmkEs
1943570298181148963	2025-07-11T09:17:23Z	"Este sábado 12 de julio en #ElPradodeNoche podrán visitarse gratuitamente las exposiciones “Paolo Veronese (1528-1588)” y “Tan lejos, tan cerca. Guadalupe de México en España” de 20:30 a 23:30 https://t.co/hDZUiworQX Con la colaboración de
@SamsungEspana y
@radio3_rne https://t.co/UcPxjAOhH4"
1943996809430360364	2025-07-12T13:32:11Z	Hoy a partir de las 20:30 en #ElPradodeNoche podréis ver las exposiciones “Paolo Veronese (1528-1588)” y “Tan lejos, tan cerca. Guadalupe de México en España”. Entrada libre. ¡Os esperamos! Con la colaboración de @SamsungEspana y @radio3_rne https://t.co/hDZUiworQX https://t.co/IteuKELo4D
1944660486856855916	2025-07-14T09:29:24Z	"""Tan lejos, tan cerca. Guadalupe de México en España"". Hasta el 14 de septiembre en el Museo del Prado https://t.co/6FBmFfkT4x https://t.co/ACCibA3dMF"
1944705548957483151	2025-07-14T12:28:28Z	La profesora Paula Mues Orts (Instituto Nacional de Antropología e Historia de México), co-comisaria de “Tan lejos, tan cerca. Guadalupe de México en España”, explica la pintura de José Juárez de 1656 que abre la exposición https://t.co/xuzoKlFAOF
1944729596747751759	2025-07-14T14:04:01Z	"#PradoEducación Claves de la exposición ""Paolo Veronese (1528-1588)"". Consulta horarios: https://t.co/lHURJVZICW https://t.co/tnZBaQq0YR"
1944764319683489981	2025-07-14T16:22:00Z	"""Paolo Veronese en la Venecia de Giambattista Tiepolo"". Vídeo de la conferencia impartida por Linda Borean (Università degli Studi di Udine) https://t.co/dQo0X8Bmg0

Celebrada el 25 de junio dentro del ciclo dedicado a la exposición ""Paolo Veronese (1528-1588)"" https://t.co/9lW3jCoBEh"
1945040208522551565	2025-07-15T10:38:17Z	Más de 150.000 visitas a las exposiciones dedicadas a Veronese y Guadalupe en el Museo del Prado desde su apertura https://t.co/ZvhOzoIlwl https://t.co/DpzwhszDqF
1945075002434293918	2025-07-15T12:56:32Z	"Estés donde estés, puedes detenerte a ver las obras del Museo del Prado en alta calidad con la visita virtual gratuita a la colección https://t.co/BUzwy8eNlj
#NextGenerationEU #PlandeRecuperación https://t.co/yaYZZfhirF"
1945089461689442354	2025-07-15T13:54:00Z	"#PublicacionesPrado ""Guadalupe de México en España"", el catálogo. Edición a cargo de Jaime Cuadriello y Paula Mues Orts, comisarios de la exposición https://t.co/2CFwMRhAxl https://t.co/xZ7spdwaJW"
1945382662966837572	2025-07-16T09:19:04Z	"""Paolo Veronese 1528-1588"", catálogo de la exposición comisariada por Miguel Falomir, director del Museo del Prado, y Enrico Maria dal Pozzolo, de la Università degli Studi di Verona. Veronese cierra el ciclo dedicado al Renacimiento veneciano https://t.co/yABclXyrvg https://t.co/7p4QeuaAPA"
1945438271133102120	2025-07-16T13:00:02Z	"#PradoEducación Visita dialogada: ""Equilibrios sensibles""

Un espacio de conversación con el público en torno a la naturaleza y al paisaje que transita por los ríos, bosques y montañas representados en las colecciones del Museo del Prado https://t.co/y1mOAZcTb3 https://t.co/9gxAkce6pg"
1945524882856390996	2025-07-16T18:44:12Z	"""Veronés y la nueva imagen imperial de Venecia"". Vídeo de la conferencia impartida por Giorgio Tagliaferro (University of Warwick) https://t.co/0FQGyZbyOm

Celebrada el 2 de julio dentro del ciclo dedicado a la exposición ""Paolo Veronese (1528-1588)"" https://t.co/4MylIxMKJ3"
1945768931714564606	2025-07-17T10:53:58Z	“Paolo Veronese (1528-1588)”. Hasta el 21 de septiembre en el Museo del Prado. Con la colaboración de @FundacionAXA https://t.co/jOL2OIVnwV https://t.co/SdinoVRspI
1945896530256232565	2025-07-17T19:21:00Z	"#PradoEducación Itinerario ""Donantes medievales. La pervivencia de la memoria"". Un recorrido por las salas de pintura medieval, donde se exponen obras desde el siglo XIII hasta finales del XV que tienen algo en común: figuras en actitud orante https://t.co/zpkNXrV3Ig https://t.co/9Nhfe2wO4H"
1946111284358848782	2025-07-18T09:34:21Z	La visita virtual del Museo del Prado incluye vistas panorámicas 360º e imágenes en altísima resolución de las obras maestras de la colección. Estés donde estés, accede gratis aquí: https://t.co/BUzwy8eNlj #NextGenerationEU #PlandeRecuperación https://t.co/yrfXAStakz
1946146948429320246	2025-07-18T11:56:04Z	"""El pintor Antonio Muñoz Degrain (1840-1924)"" es una exposición compuesta por una decena de pinturas que muestra la variedad temática, el dominio técnico y la visión estética del pintor valenciano https://t.co/3SYmSjj2VB https://t.co/LiBMrwHmPG"
1947204517612716528	2025-07-21T09:58:28Z	"#PradoEducación Visita descriptiva ""Maniera Veronese"". Un recorrido guiado para personas ciegas o con baja visión y sus acompañantes a la exposición ""Paolo Veronese (1528-1588)"". Inscripciones: https://t.co/OaOjXRBfep https://t.co/NJGTDtXrhc"
1947240924947304885	2025-07-21T12:23:09Z	"#Empleo El Museo del Prado convoca procesos selectivos de nuevo ingreso para cubrir tres plazas:

-  1 Técnico de Gestión N2 (Seguridad Social)
-  1 Técnico de Administración N4 (Oficios Varios – Pintor)
-  1 Técnico de Administración N4 (Oficios Varios – Cerrajero)

Presentación de solicitudes hasta el 12 de septiembre https://t.co/D23gSE730q"
1947271348075561168	2025-07-21T14:24:02Z	“Tan lejos, tan cerca. Guadalupe de México en España”. Hasta el 14 de septiembre en el Museo del Prado https://t.co/4brgYoLavx
1947568752154796039	2025-07-22T10:05:49Z	"¿Qué historia cuenta Velázquez en ""La fragua de Vulcano""? https://t.co/PIppTvKjF1"
1947594290282303619	2025-07-22T11:47:18Z	"De martes a domingo ofrecemos visitas guiadas a la exposición ""Paolo Veronese (1528-1588)"", la primera gran monográfica dedicada en España a Veronese, uno de los maestros más brillantes y admirados del Renacimiento veneciano #PradoEducación https://t.co/72UiyjUrX3"
1947639057032307125	2025-07-22T14:45:11Z	La visita virtual del Museo del Prado incluye vistas panorámicas 360º e imágenes en altísima resolución de las obras de la colección. Estés donde estés, accede gratis aquí: https://t.co/BUzwy8eNlj #NextGenerationEU #PlandeRecuperación https://t.co/vvpgV4A39q
1947956784204857654	2025-07-23T11:47:43Z	"""Tan lejos, tan cerca. Guadalupe de México en España"". Hasta el 14 de septiembre en el Museo del Prado, gracias al patrocinio de Rassini y la colaboración de la Comisión de Arte Virreinal de la Fundación Amigos Museo del Prado https://t.co/6FBmFfkT4x https://t.co/WFLTo8jWop"
1947994149439025454	2025-07-23T14:16:11Z	"#PradoEducación ""Tan lejos, tan cerca. Guadalupe de México en España"", las claves de la exposición. Todos los jueves en la sala de conferencias del Museo del Prado. Más información: https://t.co/ugcSsKgy2U https://t.co/Zp8ASF7zZG"
1948003419211616275	2025-07-23T14:53:01Z	"#PradoEducación Si venís al museo con niños, ""Ritmos naturales"" es un plano ilustrado que invita a conocer el Museo del Prado al paso de los ritmos de la naturaleza. Disponible para descarga: https://t.co/iTPBqN0a7M https://t.co/iXnLMIefK0"
1948049467300561284	2025-07-23T17:56:00Z	"""Única efigie, retratos multiples. Guadalupe de México y sus copias"". Vídeo de la conferencia impartida por Paula Mues Orts (@ENCRyM), co-comisaria de ""Tan lejos, tan cerca. Guadalupe de México en España"" https://t.co/teSEMxcpF4 

Celebrada el 10 de junio en el ciclo dedicado a la exposición sobre la Virgen de Guadalupe"
1948093052775526623	2025-07-23T20:49:12Z	"El ""top ten"" de museos y galerías del mundo” @NatGeoEspana https://t.co/mlXQRMT7Zj"
1948294171967492303	2025-07-24T10:08:22Z	"De martes a domingo ofrecemos visitas guiadas a la exposición ""Paolo Veronese (1528-1588)"", la primera gran monográfica dedicada en España a Veronese, uno de los maestros más brillantes y admirados del Renacimiento veneciano #PradoEducación https://t.co/bz8apRw6OD https://t.co/xqvr50O02X"
1948322012843413823	2025-07-24T11:59:00Z	"#PublicacionesPrado ""Paolo Veronese 1528-1588"", catálogo de la exposición https://t.co/yABclXyZkO

Edición a cargo de Miguel Falomir y Enrico Maria Dal Pozzolo. Textos de Francesca Trivellato, Ana González Mozo, Michel Hochmann o Deborah Howard https://t.co/RMyLtpJDyj"
1948663210124415331	2025-07-25T10:34:48Z	"Natalia @lafourcade canta una versión a capella de su canción “Mexicana Hermosa” en la exposición ""Tan lejos, tan cerca. Guadalupe de México en España"" https://t.co/nkvscKzTPK"
1949043367645520241	2025-07-26T11:45:24Z	“Me encanta que se dedique este espacio a una figura tan importante para nosotros los mexicanos”, nos contaba Natalia Lafourcade en la exposición sobre la Virgen de Guadalupe. El vídeo supera el millón de reproducciones en 24 horas https://t.co/6FBmFfkT4x
1949373758331929031	2025-07-27T09:38:16Z	Entra al Museo del Prado desde cualquier lugar del mundo con esta visita virtual que incluye vistas panorámicas, recorridos guiados e imágenes en altísima resolución de las obras maestras de la colección: https://t.co/BUzwy8eNlj #NextGenerationEU #PlandeRecuperación https://t.co/aOHU5EPGaU
1949754908552347943	2025-07-28T10:52:49Z	"#PublicacionesPrado Catálogo de ""Tan lejos, tan cerca. Guadalupe de México en España"". Edición a cargo de Jaime Cuadriello y Paula Mues Orts, comisarios de la exposición https://t.co/2CFwMRh2HN https://t.co/SiqmTkpBeC"
1949777635401224434	2025-07-28T12:23:08Z	La exposición “Paolo Veronese (1528-1588)” es la última de un ambicioso programa dedicado a la pintura veneciana del Renacimiento, piedra fundacional de la antigua colección real y del actual Museo del Prado. Colabora @FundacionAXA https://t.co/wpeMB2WkE6
1950102416600301829	2025-07-29T09:53:41Z	El Museo del Prado abre por primera vez sus puertas por la noche en agosto. ¡Os esperamos este sábado en #ElPradodeNoche! https://t.co/b3cnViYbGj Colabora @SamsungEspana https://t.co/SuTAwQ4bXx
1950476049219014742	2025-07-30T10:38:22Z	Todos los días de la semana ofrecemos visitas guiadas a la colección del Museo del Prado, con obras maestras de Tiziano, el Greco, Rubens, Velázquez o Goya. Se solicitan directamente en taquilla https://t.co/wnpWBMbgMX #PradoEducación https://t.co/AMzq1yeYA9
1950495835890004341	2025-07-30T11:57:00Z	Así fue el montaje de “Paolo Veronese (1528-1588)”. La exposición reúne más de 100 obras de instituciones internacionales como el Louvre, el Met, la Galleria degli Uffizi o el Kunsthistorisches Museum de Viena, que dialogan con piezas fundamentales del Prado https://t.co/1xEdU1zsny
1950559186984608161	2025-07-30T16:08:44Z	"""Invención, inspiración y repetición en la obra de Paolo Veronese"". Vídeo de la conferencia impartida por Ana González Mozo (Museo del Prado) https://t.co/WEwX0OJmwG

Celebrada el 18 de junio dentro del ciclo dedicado a la exposición ""Paolo Veronese (1528-1588)"" https://t.co/E91FMedDzj"
1950822727348048296	2025-07-31T09:35:57Z	"Si venís hoy al museo podréis escuchar a la pianista Mariam Chitanava en la sala 51 gracias al programa ""Pinceladas sonoras"", que pone música a las obras del Museo del Prado. Con el apoyo de @AmazonNewsES 

Programa y horarios: https://t.co/eN6o8Z1Drt https://t.co/yrCvSdwxBP"
1950856407571464355	2025-07-31T11:49:47Z	"#PradoEducación La visita dialogada ""Equilibrios sensibles"" transita por los ríos, bosques y montañas representados en las colecciones del museo y  entran en diálogo con la obra de artistas, activistas y pensadoras contemporáneas

Más información: https://t.co/y1mOAZcTb3 https://t.co/Q6DkVvXQ9K"
1950896064791200029	2025-07-31T14:27:22Z	Este sábado abrimos por primera vez #ElPradodeNoche también en agosto. ¡Os esperamos! https://t.co/b3cnViYbGj https://t.co/aSL2S9AgsM
1951194715463786733	2025-08-01T10:14:06Z	"""El pintor Antonio Muñoz Degrain (1840-1924)"" acoge en la sala 60 del Museo del Prado un grupo de obras de una de las figuras más originales del arte español del siglo XIX. Incluye su discurso de ingreso en la Academia de san Fernando, dedicado a “la sinceridad en el arte” https://t.co/1tPZ0CBjpQ"
1951239891905352013	2025-08-01T13:13:37Z	"""Imagen y apariciones de Nuestra Señora de Guadalupe"", de José Juárez (1656), con Paula Mues Orts, co-comisaria de la exposición ""Tan lejos, tan cerca. Guadalupe de México en España"" https://t.co/6FBmFfkT4x https://t.co/iE9PVwDA81"
1951256347137434073	2025-08-01T14:19:00Z	Estés donde estés puedes pasear por el Museo del Prado a través de la visita virtual a la colección https://t.co/BUzwy8flaR #NextGenerationEU #PlandeRecuperación https://t.co/zRLVnrfmf8
1951316241580179906	2025-08-01T18:17:00Z	"Ya podéis ver en nuestro canal de YouTube ""Diálogos nuevos de la pintura. Tan lejos, tan cerca. Guadalupe de México en España"", una conversación entre Jaime Cuadriello y Paula Mues Orts, comisarios de la exposición, y Manuel Arias, del Museo del Prado: https://t.co/avMLEmWjzy https://t.co/cy9pGqAbZd"
1951573184592925004	2025-08-02T11:18:00Z	"Hoy la primera planta del Museo del Prado se podrá visitar gratuitamente de 20:30 a 23:30. El recorrido incluye ""Las meninas"" de Velázquez, ""El emperador Carlos V en Mühlberg"" de Tiziano o ""Las tres Gracias"" de Rubens. ¡Os esperamos en #ElPradodeNoche! Colabora @SamsungEspana https://t.co/lNXV7m7J3P"
1951905624955957726	2025-08-03T09:19:00Z	“Paolo Veronese (1528-1588)”. Hasta el 21 de septiembre en el Museo del Prado https://t.co/kHkrupYIe6 Colabora @FundacionAXA https://t.co/vI4cnP5Yxo
1952268888273564134	2025-08-04T09:22:29Z	La visita virtual del Museo del Prado permite ver gratuitamente la colección desde cualquier lugar del mundo. Incluye vistas panorámicas, recorridos guiados e imágenes en alta resolución de las obras maestras del museo https://t.co/BUzwy8eNlj #NextGenerationEU #PlandeRecuperación https://t.co/s0opolqsJY
1952372760476328333	2025-08-04T16:15:14Z	“La doble espiral de Veronés” @Letras_Libres https://t.co/G9FT0YzhXh
1952632886449864823	2025-08-05T09:28:52Z	"""Acantilados (Ghéthary)"", de Carlos de Haes (hacia 1881) https://t.co/R4KWvTdSwn"
1952642480362475764	2025-08-05T10:07:00Z	"#PradoEducación ""Tan lejos, tan cerca. Guadalupe de México en España"", las claves de la exposición. Todos los jueves en la sala de conferencias del Museo del Prado. Más información: https://t.co/ugcSsKg0dm https://t.co/PhDbO1GiU7"
1952672237477105969	2025-08-05T12:05:14Z	¿Sabes cómo se hace una estampa calcográfica? Con este simulador puedes elegir una lámina de Goya o Fortuny, el tipo de papel o el color de la tinta para crear tu estampa https://t.co/Q4FMBBScha #NextGenerationEU #PlandeRecuperación https://t.co/siEIYtFvup
1952737104452042813	2025-08-05T16:23:00Z	"""Exposición de Veronese en el Prado: premisas, objetivos y novedades"". Vídeo de la conferencia impartida por Enrico Maria Dal Pozzolo (Università degli studi di Verona), co-comisario de la exposición ""Paolo Veronese (1528-1588)"" https://t.co/b87iNL17rm  

Celebrada el 28 de mayo de 2025"
1953004467114143799	2025-08-06T10:05:24Z	"#PradoEducación Si venís al museo en familia, ""Ritmos naturales"" es un plano ilustrado que invita a conocer el Museo del Prado al paso de los ritmos de la naturaleza. Podéis descargarlo aquí: https://t.co/iTPBqMZCie https://t.co/xmn7crfpt7"
1953032905166328217	2025-08-06T11:58:24Z	"""Paolo Veronese 1528-1588"", catálogo de la exposición comisariada por Miguel Falomir, director del Museo del Prado, y Enrico Maria Dal Pozzolo, de la Università degli Studi di Verona. Veronese cierra el ciclo dedicado al Renacimiento veneciano https://t.co/yABclXyrvg https://t.co/Mv2gZo6pnV"
1953046140204793927	2025-08-06T12:51:00Z	"A solas con ""Las meninas"" de Velázquez (1656) https://t.co/gQsN7jEtDd"
1953105032666042826	2025-08-06T16:45:01Z	"""Cartografía e itinerarios guadalupanos en España, siglos XVII-XXI"". Vídeo de la conferencia impartida por Francisco Montes (Departamento de Historia del Arte, Universidad de Sevilla) https://t.co/wvdQtzzuPd

Celebrada el 12 de junio durante el ciclo ""Tan lejos, tan cerca. Guadalupe de México en España"""
1953161905113055428	2025-08-06T20:31:00Z	Visitantes del Museo del Prado que vienen desde Guatemala, Angola, México, Estados Unidos o Colombia nos cuentan cuáles son las obras que más les han gustado https://t.co/ABMqJF8MwM
1953343853341311073	2025-08-07T08:34:00Z	¿Cómo suena el instrumento de la “Escena pompeyana” de Alma Tadema? El músico multiinstrumentista Abraham Cupeiro nos enseña qué es un aulós https://t.co/swD2vafA6P
1953446156509348078	2025-08-07T15:20:31Z	"""Tan lejos, tan cerca. Guadalupe de México en España"". Hasta el 14 de septiembre en el Museo del Prado https://t.co/6FBmFfkT4x https://t.co/etFsDwG0hI"
1953723820109435027	2025-08-08T09:43:51Z	El Museo del Prado ofrece visitas guiadas a la colección en español y en inglés de lunes a domingo. Podéis solicitarlas directamente en taquilla https://t.co/wnpWBMaIXp https://t.co/SGRTDkhDC1
1953737697169748220	2025-08-08T10:39:00Z	Perros de caza y perros de compañía, perros enormes y perritos mascota. Galgos, lebreles, pointers... Todos están en la exposición “Paolo Veronese (1528-1588)”. Hasta el 21 de septiembre en el Museo del Prado https://t.co/LEmyfU9381
1953872083387142494	2025-08-08T19:33:00Z	"Serie documental ""El Prado en femenino"". Reinas, princesas, regentes y gobernadoras que contribuyeron poderosamente tanto a la creación y consolidación del Museo del Prado como a enriquecer sus colecciones https://t.co/KnUjNvnA3G https://t.co/91qf8pcDMz"
1954088760544563522	2025-08-09T09:54:00Z	¿Qué es el tiento y cómo se utiliza? Lo explicamos buscándolo en obras de la colección del Museo del Prado https://t.co/EVKxAbuICZ
1954252086679396854	2025-08-09T20:43:00Z	Porque a veces a las palabras les falta una imagen, te invitamos a descargar la colección de stickers de obras emblemáticas del Museo del Prado diseñados por la ilustradora Esther Peces. Disponibles para tus conversaciones de WhatsApp en iOS y Android https://t.co/EPdONiBmQL https://t.co/kDgzxUmn2k
1954442088818647341	2025-08-10T09:18:00Z	Así son los peines del almacén de marcos del Museo del Prado https://t.co/0J4TkDedeC
1954478075732787405	2025-08-10T11:41:00Z	Todos los días de la semana ofrecemos visitas guiadas a las obras maestras del Museo del Prado: el Bosco, Sofonisba Anguissola, Rubens, Velázquez o Goya. Podéis apuntaros en las taquillas del museo https://t.co/qGy8KSdEb5 #PradoEducación https://t.co/i6O7T1augl
1954598872120017389	2025-08-10T19:41:00Z	"#PublicacionesPrado Catálogo de ""Tan lejos, tan cerca. Guadalupe de México en España"". Edición a cargo de Jaime Cuadriello y Paula Mues Orts, comisarios de la exposición https://t.co/2CFwMRh2HN https://t.co/YI5IX5sWPp"
1954795416404525069	2025-08-11T08:42:00Z	"#PublicacionesPrado ""Paolo Veronese 1528-1588"", catálogo de la exposición comisariada por Miguel Falomir, director del Museo del Prado, y Enrico Maria Dal Pozzolo, de la Università degli Studi di Verona https://t.co/yABclXyZkO https://t.co/h3xJNDpuAQ"
1954847510024933444	2025-08-11T12:09:00Z	"De martes a domingo ofrecemos visitas guiadas a la exposición ""Paolo Veronese (1528-1588)"", la primera gran monográfica dedicada en España a uno de los maestros más brillantes y admirados del Renacimiento veneciano https://t.co/bz8apRw6OD #PradoEducación https://t.co/sYeKMnn7S5"
1955210904515104809	2025-08-12T12:13:00Z	El extraordinario marco del “Descendimiento de la Cruz” de Pedro Machuca, original del siglo XVI, se llama “de tabernáculo” o “arquitectónico” y es característico del Renacimiento. En nuestra web os ofrecemos una descripción completa y muchos detalles: https://t.co/ScmE4kV6PB https://t.co/sbviuaErQZ
1955537053430566967	2025-08-13T09:49:00Z	“Tan lejos, tan cerca. Guadalupe de México en España” ofrece una nueva mirada sobre el papel de la Virgen de Guadalupe como imagen revelada, objeto de culto y símbolo de identidad en el ámbito hispano https://t.co/6FBmFfkT4x https://t.co/wiRBPZSOeO
1955935429791719459	2025-08-14T12:12:00Z	"#PublicacionesPrado Nueva edición de ""El Museo del Prado"", el libro imprescindible para conocer a fondo la colección, con nuevo formato e imágenes actualizadas https://t.co/XG3mIqe5UF https://t.co/FJiHYVflWL"
1956250253319135726	2025-08-15T09:03:00Z	"""La Asunción de la Virgen"" en el Barroco: Annibale Carracci, Guido Reni, Cabezalero y Luca Giordano

Explora más obras de esta temática en nuestra web: https://t.co/JlhoZXkLRV https://t.co/m4lbaPrW9K"
1956384640505196935	2025-08-15T17:57:00Z	“Tan lejos, tan cerca. Guadalupe de México en España”. Cerca de 70 pinturas, grabados, esculturas y libros que cuentan cómo esta figura religiosa, surgida en el cerro del Tepeyac en 1531, trascendió las fronteras novohispanas https://t.co/6FBmFfkT4x https://t.co/uE3FMVlIyl
1957448901654434127	2025-08-18T16:26:00Z	Documental “Otra Colección: los marcos del Museo Nacional del Prado”. Un viaje visual con Gemma García Torres responsable de la colección de marcos del Prado, restauradores, doradores, historiadores del arte y especialistas en enmarcado https://t.co/1o5Bydawsa https://t.co/nMbtJHwAO9
1957498730283724825	2025-08-18T19:44:00Z	Porque a veces a las palabras les falta una imagen, te invitamos a usar la colección de stickers del Museo del Prado diseñados por la ilustradora Esther Peces. Disponibles para iOS y Android https://t.co/EPdONiBmQL https://t.co/4PubWjb4Hy
1957700056594935976	2025-08-19T09:04:00Z	"Visitas guiadas a la exposición ""Paolo Veronese (1528-1588)""

Más información y reserva de entradas en nuestra web: https://t.co/bz8apRwEEb #PradoEducación https://t.co/C6a7qef5Va"
1957761209471521163	2025-08-19T13:07:00Z	"#PublicacionesPrado Catálogo de ""Tan lejos, tan cerca. Guadalupe de México en España"". Edición a cargo de Jaime Cuadriello y Paula Mues Orts, comisarios de la exposición https://t.co/2CFwMRh2HN https://t.co/BCCVMI9oqJ"
1958058165863608759	2025-08-20T08:47:00Z	"""Una calle de Segovia"", de Martín Rico y Ortega (entre 1852 y 1858) https://t.co/LDaZT8yWTD https://t.co/UxEKB4ghD9"
1958078299021930684	2025-08-20T10:07:00Z	"#PradoEducación ""Tan lejos, tan cerca. Guadalupe de México en España"", las claves de la exposición https://t.co/ugcSsKgy2U https://t.co/kb4Bod2HR8"
1958180222370795892	2025-08-20T16:52:00Z	Tres detalles de moda en el retrato de Amalia de Llano y Dotres, condesa de Vilches, pintado en 1853 por Federico de Madrazo. Con Carlos G. Navarro (conservación de pintura del siglo XIX del Museo del Prado) https://t.co/BvhpDzPnQd
1958434395917853044	2025-08-21T09:42:00Z	¿Cómo sería el cerebro de Velázquez? Con Nazareth Castellanos, doctora en Neurociencia https://t.co/Edyv7KpuUE
1958473151278666111	2025-08-21T12:16:00Z	"Así fue la restauración del retrato ""La reina Isabel de Borbón, a caballo"", pintado por Velázquez para el Salón de Reinos entre 1635 y 1635 https://t.co/BejfV2QkCS https://t.co/ZZdWbcMvad"
1958799048032370717	2025-08-22T09:51:00Z	"""Paisaje de Filipinas"", de Francisco Ruibamba (1897) https://t.co/7PinYNcLQM https://t.co/Bx4bBaP2wx"
1958831008234840507	2025-08-22T11:58:00Z	"Anne Carson: «El proceso de extracción reveló obras de arte muy diferentes debajo de las pinturas negras: escenas bucólicas felices en colores brillantes. Goya, evidentemente, había tenido serias dudas entre las dos capas de trabajo»

Conferencia completa: https://t.co/aIrkG6xVNU https://t.co/Hxd66U4ZGg"
1959155144110874697	2025-08-23T09:26:00Z	Todos los días de la semana ofrecemos visitas guiadas a las obras maestras del Museo del Prado: el Bosco, Sofonisba Anguissola, Rubens, Velázquez o Goya. Podéis apuntaros en las taquillas del museo https://t.co/qGy8KSec0D #PradoEducación https://t.co/bumz4CrkuN
1959875138507186657	2025-08-25T09:07:00Z	¿Cómo reconocer a San Cristóbal en los cuadros del Museo del Prado? https://t.co/w3Fad4P2o1
1959923456952201656	2025-08-25T12:19:00Z	"“Paolo Veronese (1528-1588)”. Hasta el 21 de septiembre en el Museo del Prado https://t.co/M7PFLYXomG Colabora 
@FundacionAXA https://t.co/PXQsSFtYgP"
1960249354067079405	2025-08-26T09:54:00Z	Mateo Aguado, el sastre de las reinas Isabel de Borbón y Mariana de Austria. Con Amanda Wunder (Lehman College, City University of New York) https://t.co/RTNKt8nhih
1960352282635354257	2025-08-26T16:43:00Z	"La serie documental ""El Prado en femenino"" cuenta con episodios dedicados a Isabel la Católica, María de Hungría, Isabel de Valois, Isabel Clara Eugenia, Isabel de Borbón, Cristina de Suecia o Mariana de Austria. Disponible en YouTube https://t.co/Dr8V8DFXbE https://t.co/iPrAffYRnw"
1960621808845250795	2025-08-27T10:34:00Z	"¿Sabías que el Greco era un gran amante de la música? Jordi Comellas, músico y doctor en Historia Moderna, nos muestra una réplica de la viola da gamba que el Greco pintó en ""La Anunciación"" https://t.co/tHZA9I2Ir9"
1960962556727885965	2025-08-28T09:08:01Z	"Desde cualquier lugar del mundo puedes pasear por el Museo del Prado y detenerte en los detalles de obras como ""El jardín de las delicias"" del Bosco en alta calidad a través de la visita virtual https://t.co/f5tdrSS5sv #NextGenerationEU #PlandeRecuperación https://t.co/RyQI5vr7Ib"
1961006847541862579	2025-08-28T12:04:00Z	La historia detrás de “Las bodas de Tetis y Peleo” de Jordaens (1636-1638), comentada por Paloma Málaga (Centro de Estudios del Museo del Prado) https://t.co/j54XVK0aH5
1961349856091672927	2025-08-29T10:47:00Z	"""Goya. Repertorio de referencias impresas 1771-1828"". Un proyecto digital del Museo del Prado que reúne por primera vez todas las referencias impresas sobre Goya publicadas durante su vida https://t.co/PDHAO6t9jS #NextGenerationEU #PlandeRecuperación #Goya https://t.co/X6wGGLJC02"
1961438819275636810	2025-08-29T16:40:30Z	"""Paolo Veronese 1528-1588"", catálogo de la exposición comisariada por Miguel Falomir, director del Museo del Prado, y Enrico Maria Dal Pozzolo, de la Università degli Studi di Verona https://t.co/yABclXyrvg #PublicacionesPrado https://t.co/8Ieyfjju6S"
1962471067965878755	2025-09-01T13:02:18Z	"La serie documental ""El Prado en femenino"" cuenta con episodios dedicados a Isabel la Católica, María de Hungría, Isabel de Valois, Isabel Clara Eugenia, Isabel de Borbón, Cristina de Suecia o Mariana de Austria. Disponible en YouTube https://t.co/p490QbSs5W #ElPradoEnFemenino https://t.co/2lz5hYNI82"
1962788603592933674	2025-09-02T10:04:04Z	“Tan lejos, tan cerca. Guadalupe de México en España”. Cerca de 70 pinturas, grabados, esculturas y libros que cuentan cómo esta figura religiosa, surgida en el cerro del Tepeyac en 1531, trascendió las fronteras novohispanas https://t.co/6FBmFfkT4x https://t.co/UUD7AOV24F
1962803685815189866	2025-09-02T11:04:00Z	Estés donde estés puedes pasear por el Museo del Prado a través de la visita virtual gratuita a la colección https://t.co/f5tdrSRxCX #NextGenerationEU #PlandeRecuperación https://t.co/M5q0etcd4f
1962867254078349360	2025-09-02T15:16:36Z	"#PradoEducación ""Tan lejos, tan cerca. Guadalupe de México en España"", las claves de la exposición. Todos los jueves en la sala de conferencias del Museo del Prado. Más información: https://t.co/ugcSsKg0dm https://t.co/SNyIgqhctW"
1962897302164783205	2025-09-02T17:16:00Z	"""Veronés y la nueva imagen imperial de Venecia"". Vídeo de la conferencia impartida por Giorgio Tagliaferro (University of Warwick) https://t.co/QWTdKFQJum Disponible en versión original

Celebrada el 2 de julio, en el ciclo dedicado a la exposición ""Paolo Veronese (1528-1588)"" https://t.co/3GjbeD24g2"
1963167687942504526	2025-09-03T11:10:25Z	Entra en la visita virtual del Museo del Prado y acércate a los detalles de las obras maestras en altísima resolución https://t.co/f5tdrSRxCX #NextGenerationEU #PlandeRecuperación https://t.co/x01RNazFnZ
1963218919646191848	2025-09-03T14:33:59Z	"“Tan lejos, tan cerca. Guadalupe de México en España”. Una nueva mirada sobre el papel de la Virgen de Guadalupe como imagen revelada, objeto de culto y símbolo de identidad en el ámbito hispano. Hasta el 14 de septiembre https://t.co/6FBmFfkT4x 
Con el apoyo de Rassini https://t.co/2f9QdnH9xQ"
1963244241548616134	2025-09-03T16:14:37Z	El Museo del Prado culmina el verano con la apertura nocturna de las exposiciones “Paolo Veronese (1528-1588)” y “Tan lejos, tan cerca Guadalupe de México en España” este sábado 7 de septiembre https://t.co/HkhMffFAha #ElPradodeNoche https://t.co/31JMsHZOhP
1963548849269530995	2025-09-04T12:25:01Z	Nueva etapa cromática: el Museo del Prado renueva su Galería Central https://t.co/qE0qhskOfB https://t.co/ZZbQA33tll
1963888254517735710	2025-09-05T10:53:41Z	“Tan lejos, tan cerca. Guadalupe de México en España”. Cerca de 70 pinturas, grabados, esculturas y libros que cuentan cómo esta figura religiosa, surgida en el cerro del Tepeyac en 1531, trascendió las fronteras novohispanas https://t.co/sDWPK4POlC https://t.co/0r76vTR8eV
1963897644037599423	2025-09-05T11:31:00Z	"Visitas guiadas a la exposición ""Paolo Veronese (1528-1588)"" de martes a domingo a las 12h. Más información y reserva de entradas: https://t.co/ev40tf5kBZ #PradoEducación https://t.co/TsiTAHzhnw"
1963917672309235943	2025-09-05T12:50:35Z	"Simposio ""Cultura y Patrimonio en la España napoleónica. Expolio, protección y transformación"". 22 y 23 de septiembre de 2025. Plazas disponibles: https://t.co/XMC80rYb00 https://t.co/SdWjaatgEh"
1964232601117327865	2025-09-06T09:42:00Z	"Encuentro científico ""Nuevos horizontes. La pintura en Castilla en la época del marqués de Santillana (1398-1458)"", dirigido por Joan Molina (Museo del Prado) y Fernando Gutiérrez Baños (Universidad de Valladolid)

Inscripciones hasta el 17 de septiembre https://t.co/SYJAbcIhZR https://t.co/blx88nsp89"
1964608283890897300	2025-09-07T10:34:50Z	Lamentamos el fallecimiento de Gustavo Torner, fundador del Museo de Arte Abstracto Español de Cuenca. Además de su impronta en la museografía del Museo del Prado, en lo personal deja una huella imborrable entre quienes lo trataron https://t.co/F7pyqM9sC8
1964740506421952782	2025-09-07T19:20:14Z	"""Paolo Veronese 1528-1588"", catálogo de la exposición comisariada por Miguel Falomir, director del Museo del Prado, y Enrico Maria Dal Pozzolo, de la Università degli Studi di Verona https://t.co/yABclXyZkO #PublicacionesPrado https://t.co/ruj78vlVL0"
1964996736512135529	2025-09-08T12:18:24Z	"""El pintor Antonio Muñoz Degrain (1840-1924)"", una de las figuras más originales del arte español del siglo XIX. Esta presentación de diez obras muestra la variedad temática, el dominio técnico y la visión estética del pintor valenciano https://t.co/3SYmSjjAL9 https://t.co/VjgExwE203"
1965027376418480268	2025-09-08T14:20:09Z	"Última semana: ""Tan lejos, tan cerca. Guadalupe de México en España"". Hasta el domingo 14 de septiembre https://t.co/AVFT6zLcPz"
1965314939394105391	2025-09-09T09:22:49Z	Espacios Barrocos es un recurso de #PradoEducación para que estudiantes, educadores y cualquier persona con inquietudes descubra cómo la cotidianeidad del Barroco se entrelaza con la nuestra https://t.co/cqC9sQ1uTu https://t.co/caf0A9ScZ2
1965370808160895350	2025-09-09T13:04:50Z	"Simposio ""Cultura y Patrimonio en la España napoleónica. Expolio, protección y transformación"". 22 y 23 de septiembre de 2025. Inscripción gratuita: https://t.co/QxF3jvGr0i https://t.co/N399NHYbL4"
1965391691927769180	2025-09-09T14:27:49Z	"La visita virtual al Museo del Prado permite moverse libremente por las salas de la colección y ver con gran detalle muchas de las obras, como este ""Nacimiento de san Juan Bautista"" de Artemisia Gentileschi https://t.co/BUzwy8flaR #NextGenerationEU #PlandeRecuperación https://t.co/Ns2hTrURNE"
1965707318089408564	2025-09-10T11:22:00Z	"Encuentro científico ""Nuevos horizontes. La pintura en Castilla en la época del marqués de Santillana (1398-1458)"". 25 de septiembre en el Casón del Buen Retiro. Inscripciones abiertas: https://t.co/SYJAbcIPPp https://t.co/JMMxJOEIvG"
1965721472921735234	2025-09-10T12:18:15Z	"#PradoEducación Claves de la exposición ""Paolo Veronese (1528-1588)"". Lunes a las 13:00h y 17:30h en la sala de conferencias del Museo del Prado https://t.co/lHURJW0gsu https://t.co/b2BFMwL7MW"
1965734245814427695	2025-09-10T13:09:00Z	"Serie documental ""El Prado en femenino"", con episodios dedicados a Isabel la Católica, María de Hungría, Isabel de Valois, Isabel Clara Eugenia, Isabel de Borbón, Cristina de Suecia o Mariana de Austria. Disponible en YouTube https://t.co/ZBCcdsR7ub #ElPradoEnFemenino https://t.co/rHfvh59C3T"
1966065002932257098	2025-09-11T11:03:19Z	"XIV Cátedra del Prado: ""Tiempo, la fuerza invisible.
Conceptos imaginales en el curso de la historia"", impartida por la historiadora de las imágenes Astrit Schmidt-Burkhardt

Programa e inscripciones: https://t.co/KNTycEmK60 Colabora: @FNotariado https://t.co/QlDjvEzceb"
1966089918691606930	2025-09-11T12:42:19Z	Últimos días para visitar en el Museo del Prado la exposición “Tan lejos, tan cerca. Guadalupe de México en España” https://t.co/cEUgrsmUzs https://t.co/LfdHkZRv4e
1966184331799572799	2025-09-11T18:57:29Z	"""Única efigie, retratos múltiples. Guadalupe de México y sus copias"". Vídeo de la conferencia impartida por Paula Mues Orts (@ENCRyM), co-comisaria de ""Tan lejos, tan cerca. Guadalupe de México en España"" https://t.co/dyao2b3A7s  

Celebrada el 10 de junio en el ciclo dedicado a la exposición sobre la Virgen de Guadalupe"
1966420886270906473	2025-09-12T10:37:28Z	"El programa #PinceladasSonoras pone música a la visita del Museo del Prado. La joven pianista Mariam Chitanava interpreta partituras de Chaikovski, Chopin, Debussy y Franz Liszt en la sala 51. Programa y horarios: https://t.co/RpmYPiHeJJ

Con el apoyo de @Amazon https://t.co/D9Z9MwDX9Q"
1966452413868511478	2025-09-12T12:42:45Z	Último fin de semana para visitar la exposición “Tan lejos, tan cerca. Guadalupe de México en España”, que finaliza este domingo 14 de septiembre https://t.co/6FBmFfkT4x https://t.co/9SlRqx2zL7
1966761011488456740	2025-09-13T09:09:00Z	"Este domingo termina la exposición ""Tan lejos, tan cerca. Guadalupe de México en España. Así fue el momento en el que Natalia Lafourcade le dedicó su canción “Mexicana Hermosa” https://t.co/YjMlf6ROew"
1967518935567216900	2025-09-15T11:20:43Z	“Paolo Veronese (1528-1588)”. Última semana para visitar la exposición que reúne más de 100 obras de instituciones internacionales como la Galleria Sabauda de Turín, el Kunsthistorisches Museum de Viena o el Metropolitan, en diálogo con piezas fundamentales del Prado https://t.co/pArd1k2wbF
1967567775955612152	2025-09-15T14:34:48Z	La visita virtual del Museo del Prado incluye vistas panorámicas 360º e imágenes en altísima resolución de las obras de la colección. Estés donde estés, accede gratis aquí: https://t.co/f5tdrSRxCX #NextGenerationEU #PlandeRecuperación https://t.co/c7qlEBR1W6
1967589986787897634	2025-09-15T16:03:03Z	El Museo del Prado clausura con éxito la exposición “Tan lejos, tan cerca. Guadalupe de México en España”. Un total de 133.578 visitantes han disfrutado de esta muestra https://t.co/jj0OYAtJ8S https://t.co/SJPxSRmn8V
1967621684011163895	2025-09-15T18:09:00Z	"""Tres horas en el Museo del Prado, hoy"". Vídeo de la conferencia impartida por Laura Mercader Amigó (Universitat de Barcelona) https://t.co/4974J9aZTz

Ciclo ""Tres horas con Eugenio d’Ors (Tres horas en el Museo del Prado, cien años después)"", celebrado en abril de 2024 https://t.co/h90NHvwZyi"
1967848156567310556	2025-09-16T09:08:56Z	"""El pintor Antonio Muñoz Degrain (1840-1924)"". Una presentación de diez obras que muestra la variedad temática, el dominio técnico y la visión estética de Muñoz Degrain https://t.co/Y170n7C3m5 https://t.co/PCP2tsnFnr"
1967866294104924595	2025-09-16T10:21:00Z	"Última semana: Visitas guiadas a la exposición ""Paolo Veronese (1528-1588)"". Hasta este domingo https://t.co/bz8apRw6OD  #PradoEducación https://t.co/jUVobMxUDM"
1967875605204247015	2025-09-16T10:58:00Z	"Prado Inclusivo 2025/2026. Un programa de actividades educativas accesibles que promueven la participación y  contribución cultural de todos los colectivos vinculados con la diversidad

Inscripciones abiertas: https://t.co/XoetZEnb5k #PradoEducación https://t.co/ZIvpKctRVd"
1967960163048104343	2025-09-16T16:34:00Z	Documental “Otra Colección: los marcos del Museo Nacional del Prado”. Disponible en nuestro canal de YouTube https://t.co/zL4Kc41ojl
1968001686301008002	2025-09-16T19:19:00Z	"""Paolo Veronese 1528-1588"", catálogo de la exposición comisariada por Miguel Falomir, director del Museo del Prado, y Enrico Maria dal Pozzolo, de la Università degli Studi di Verona. Veronese cierra el ciclo dedicado al Renacimiento veneciano https://t.co/yABclXyrvg https://t.co/Z4McYM68Ow"
1968213162651685010	2025-09-17T09:19:20Z	"Inscripciones abiertas para ""Prado Inclusivo"", un programa de actividades educativas accesibles que promueven la participación y contribución cultural de todos los colectivos vinculados con la diversidad https://t.co/bQXVnyWtZO #PradoEducación https://t.co/HdjFfUhXfi"
1968222182703771738	2025-09-17T09:55:10Z	Paolo Veronese y el contexto veneciano https://t.co/s3WOdPF9Bd https://t.co/v4v4ifEZDt
1968253092824047699	2025-09-17T11:58:00Z	"Últimos días: “Paolo Veronese (1528-1588)”. Hasta el 21 de septiembre en el Museo del Prado https://t.co/jOL2OIVnwV Colabora 
@FundacionAXA https://t.co/TKWkNDyBRe"
1968261188040655060	2025-09-17T12:30:10Z	Últimos días para disfrutar de la gran monográfica de Veronese en el Museo del Prado https://t.co/e82aEueXug https://t.co/nSjtObmDsw
1968585300118053137	2025-09-18T09:58:04Z	"Recurso multimedia: ""Paolo Veronese (1528-1588) y el contexto veneciano"". Vista cronológica que sigue la datación de las obras de Tiziano, Tintoretto y Veronese en el Museo del Prado https://t.co/s3WOdPEBLF https://t.co/AirRfJtaGz"
1968619521154896004	2025-09-18T12:14:03Z	#PradoEducación Una obra, un artista: “Jura de don Fernando como príncipe de Asturias”, de Luis Paret. Los sábados y domingos de septiembre en la sala 39. Podéis consultar los horarios en nuestra web: https://t.co/il7qnu10Pw https://t.co/s8ooChRhFJ
1968759835123441690	2025-09-18T21:31:37Z	"""La belleza de los cambios (The Beauty of Changes)"", vídeo de la conversación entre la escritora Helen Oyeyemi y Valerie Miles, editora de la revista Granta en español, dentro del programa ""Escribir el Prado"" https://t.co/SRxce71jKJ https://t.co/pfMyJYn67X"
1968937351586934829	2025-09-19T09:17:00Z	"En noviembre se celebrará la edición número XIV de la Cátedra del Prado, titulada ""Tiempo, la fuerza invisible. Conceptos imaginales en el curso de la historia"", dirigida por Astrit Schmidt-Burkhardt

Programa e inscripciones: https://t.co/8kdQ5k3l7T Colabora: @FNotariado https://t.co/f7lKyAst32"
1968952200790741177	2025-09-19T10:16:00Z	Últimos días para visitar la exposición: “Paolo Veronese (1528-1588)”. Hasta el 21 de septiembre en el Museo del Prado https://t.co/jOL2OIVVmt Con el patrocinio de @FundacionAxa https://t.co/1bbHlxur64
1968969563992654208	2025-09-19T11:25:00Z	“Paolo Veronese (1528-1588)”. Último fin de semana para visitar la exposición que reúne más de 100 obras de grandes instituciones internacionales y las pone en diálogo con piezas fundamentales del Prado https://t.co/jOL2OIVnwV https://t.co/1m2sEFJrlu
1968976335818154423	2025-09-19T11:51:54Z	"Último fin de semana: visitas guiadas a la exposición ""Paolo Veronese (1528-1588)"". Hasta este domingo https://t.co/bz8apRw6OD #PradoEducación https://t.co/z66hoDO3Pc"
1968986490085454003	2025-09-19T12:32:15Z	El Museo del Prado colabora en la primera gran exposición dedicada a la figura del Gran Delfín de Francia, en el Palacio de Versalles https://t.co/LPYCmmqCXt https://t.co/S0vBUA7j3Q
1969069978188947951	2025-09-19T18:04:01Z	"#PublicacionesPrado ""Paolo Veronese 1528-1588"", catálogo de la exposición comisariada por Miguel Falomir, director del Museo del Prado, y Enrico Maria Dal Pozzolo, de la Università degli Studi di Verona https://t.co/yABclXyrvg https://t.co/KLMnZdOCGd"
1969670683149156830	2025-09-21T09:51:00Z	"#PradoEducación Taller de escritura epistolar.
Correspondencia con Rede museística provincial – Museo provincial de Lugo en el marco del programa ""Prado Extendido"". Información e inscripciones: https://t.co/MFOwcKYq4E https://t.co/MiXHOXec42"
1970039488551461073	2025-09-22T10:16:30Z	"Exposición ""El pintor Antonio Muñoz Degrain (1840-1924)"". Una presentación de diez obras que muestra la variedad temática, el dominio técnico y la visión estética de Muñoz Degrain https://t.co/3SYmSjjAL9 https://t.co/j75mKYivvd"
1970051395119165673	2025-09-22T11:03:49Z	Comienza en el auditorio el simposio “Cultura y Patrimonio en la España napoleónica. Expolio, protección y transformación”. Interviene Manuel Moreno Alonso (Universidad de Sevilla). Consulta el programa https://t.co/XMC80rXDas https://t.co/HrsgNhwkap
1970067117689946205	2025-09-22T12:06:17Z	¿Conoces el proceso de creación de una estampa calcográfica? Con este simulador puedes elegir entre varias láminas, el tipo de papel o el color de la tinta para crear una estampa paso a paso https://t.co/eEjRc54HuN #NextGenerationEU #PlandeRecuperación https://t.co/gaO9KDomoH
1970099781684121944	2025-09-22T14:16:05Z	Más de 220.000 personas han visitado “Paolo Veronese (1528-1588)”, la exposición más visitada del Museo del Prado desde el Bicentenario https://t.co/xbngULACW3 https://t.co/CrXR9FcZkM
1970380724013305952	2025-09-23T08:52:27Z	"Estilos artísticos en Lengua de Signos Española. ""Signar con el Prado"" es un proyecto de @FundacionCNSE y #PradoEducación que tiene como objetivo facilitar el conocimiento artístico y su transmisión hacia la comunidad sorda https://t.co/NmYb7TkdWz #LSE #IWDP2025 https://t.co/PA6WVQpsuN"
1970386469912003031	2025-09-23T09:15:17Z	"#PradoEducación Formación online para profesionales de museos y educación: ""Compartir prácticas. Encuentros sobre arte y mediación"", en colaboración con @FundacionPROA de Buenos Aires

Inscripción gratuita: https://t.co/oslKLHQbuG https://t.co/kA3kYKlP3t"
1970513953295122582	2025-09-23T17:41:51Z	"""Génesis, recepción y contradicción de Tres horas en el Museo del Prado"". Vídeo de la conferencia impartida por Xavier Pla (Universitat de Girona) https://t.co/e3D03IfEP8
 
Ciclo ""Tres horas con Eugenio d’Ors (Tres horas en el Museo del Prado, cien años después)"", abril de 2024 https://t.co/4p2zcaYjD0"
1970534374807609509	2025-09-23T19:03:00Z	"#PradoEducación Taller ""El óleo como práctica artística"". Un acercamiento teórico y práctico a la pintura a través de las obras del Museo del Prado de la mano del artista Jacobo Alcalde

Del 13 de octubre al 3 de noviembre. Inscripciones: https://t.co/FFxWVVJi3m https://t.co/Lq63no0qzX"
1970750783336464763	2025-09-24T09:22:56Z	"Hoy comienza la formación online para profesionales de museos y educación ""Compartir prácticas. Encuentros sobre arte y mediación"", en colaboración con @FundacionPROA. La inscripción es gratuita: https://t.co/X25hNmFFYv #PradoEducación https://t.co/QiaqbvnsiF"
1970778332188062085	2025-09-24T11:12:24Z	Entra en la visita virtual del Museo del Prado y acércate a los detalles de las obras maestras en altísima resolución https://t.co/f5tdrSS5sv #NextGenerationEU #PlandeRecuperación https://t.co/LufrcpMvGt
1970830316534108271	2025-09-24T14:38:58Z	"#PradoEducación Taller de escritura epistolar en el marco del programa ""Prado Extendido"" a partir del 14 de octubre. Información e inscripciones: https://t.co/0sS2CVhfKW https://t.co/whugD9uo1e"
1971164978552950986	2025-09-25T12:48:48Z	Todos los días de la semana ofrecemos visitas guiadas a las obras maestras del Museo del Prado: el Bosco, Sofonisba Anguissola, Rubens, Velázquez o Goya. Podéis apuntaros en las taquillas del museo https://t.co/qGy8KSdEb5 https://t.co/GORmt0xWk4
1971491244569395390	2025-09-26T10:25:15Z	#PradoEducación Actividades para familias este otoño. Últimas plazas disponibles: https://t.co/yv3cnsx5Qm https://t.co/NnY360xNdl
1971512448394854730	2025-09-26T11:49:31Z	Estés donde estés puedes pasear por el Museo del Prado a través de la visita virtual gratuita a la colección. Incluye panorámicas de las salas en 360º, detalles de las obras en alta calidad y 10 recorridos temáticos https://t.co/f5tdrSRxCX #NextGenerationEU #PlandeRecuperación https://t.co/kPLLLLRi2w
1971865398200226063	2025-09-27T11:12:01Z	"En noviembre se celebrará la edición número XIV de la Cátedra del Prado, titulada ""Tiempo, la fuerza invisible. Conceptos imaginales en el curso de la historia"", dirigida por Astrit Schmidt-Burkhardt

Programa e inscripciones: https://t.co/KNTycEmK60

Colabora: @FNotariado https://t.co/es2bCVp0xZ"
1972592442038960436	2025-09-29T11:21:01Z	"Desde cualquier lugar del mundo puedes pasear por el Museo del Prado y detenerte en los detalles de obras como ""El jardín de las delicias"" del Bosco en alta calidad a través de la visita virtual https://t.co/f5tdrSS5sv #NextGenerationEU #PlandeRecuperación https://t.co/dvFOZhHDXW"
1972691840580129016	2025-09-29T17:56:00Z	"""Un museo real también necesita escultura"". Vídeo de la conferencia impartida por Leticia Azcue (Museo del Prado) https://t.co/fJfclm4A5x

Celebrada en el congreso ""El Museo del Prado en 1819 y la política borbónica de instituciones culturales"", en enero de 2019 https://t.co/kZnv5WewFj"
1972719005552026080	2025-09-29T19:43:56Z	"#PradoEducación ""Ritmos naturales"" es un plano para familias que invita a conocer el Prado con el paso de los ritmos de la naturaleza y del museo: con atención y sin prisa. Disponible para descarga y en los puntos de información del museo https://t.co/eB7YLIbTuz https://t.co/Iri5pAw4JD"
1972952205461475691	2025-09-30T11:10:36Z	Espacios Barrocos es un recurso de #PradoEducación para que estudiantes, educadores y cualquier persona con inquietudes descubra cómo la cotidianeidad del Barroco se entrelaza con la nuestra https://t.co/XZp16Eltk0 https://t.co/N2nHIHZeUw
1972970966331392375	2025-09-30T12:25:09Z	"Lluís Homar revive ""Memorias de Adriano"" en el Museo del Prado https://t.co/48vEKS7mUp https://t.co/Ao6fshsvhW"
1972994806637797513	2025-09-30T13:59:53Z	"Ante el busto de Antínoo el actor Lluís Homar interpreta un fragmento de ""Memorias de Adriano"" de Marguerite Yourcenar, con traducción de Julio Cortázar https://t.co/WHeRF6qdxl"
1973310188758216987	2025-10-01T10:53:05Z	"""Goya. Censo de ejemplares de la primera edición de los Caprichos, 1799"". Los ""Caprichos"" es una de las obras más importantes del arte del grabado y un referente universal de la crítica a los vicios del comportamiento humano

Este censo es un instrumento de información donde se pueden encontrar todos los ejemplares conocidos de la primera edición https://t.co/uMb5UMlgT7

#NextGenerationEU #PlandeRecuperación"
1973353171323068813	2025-10-01T13:43:53Z	El Museo del Prado recibe en depósito una excepcional obra de enconchado de la Virgen de Guadalupe https://t.co/66QXimC5xW https://t.co/GkbabvkeiA
1973649172885807513	2025-10-02T09:20:06Z	"#PradoEducación Taller de escritura epistolar en el marco del programa ""Prado Extendido"", con Chiki Fabregat y Javier Fonseca

A partir del 14 de octubre. Inscripciones abiertas: https://t.co/0sS2CVhNAu

Colabora @deescritores https://t.co/EcWji89BeC"
1973664267556761931	2025-10-02T10:20:04Z	El Museo del Prado abrirá de nuevo sus puertas la noche del sábado 4 de octubre https://t.co/7lUJ3n4XJ9 #ElPradodeNoche https://t.co/hkrQt9s0lQ
1974037453359943989	2025-10-03T11:02:59Z	¿Cómo sería el Museo del Prado sin las obras adquiridas por mujeres? https://t.co/O38DqBTZIt #ElPradoenFemenino https://t.co/PdDqt8MS5d
1974051046851858890	2025-10-03T11:57:00Z	"""Fiesta dionisíaca"" es la obra de octubre de la actividad ""Una obra, un artista"". Todos los sábados y domingos dedicaremos una hora a esta escultura que estuvo en la colecciones de Rubens y Cristina de Suecia

Horarios: https://t.co/1eP2BEMYWw #PradoEducación https://t.co/mhn24OsP97"
1974060358609379783	2025-10-03T12:34:00Z	Este sábado abrimos de nuevo #ElPradodeNoche a partir de las 20:30h. Se podrán visitar gratuitamente las salas de la planta baja del museo, desde la pintura románica hasta el siglo XIX. ¡Os esperamos! https://t.co/XYlngn3DFf
1974125538815193178	2025-10-03T16:53:00Z	La Real Fábrica de Cristales de La Granja se suma al programa “Prado Extendido” https://t.co/G4yK9JzQoI https://t.co/ATXPRcH8Ww
1974734801958531396	2025-10-05T09:14:00Z	"La serie documental ""El Prado en femenino"" cuenta con episodios dedicados a Isabel la Católica, María de Hungría, Isabel de Valois, Isabel Clara Eugenia, Isabel de Borbón, Cristina de Suecia o Mariana de Austria. Disponible en YouTube https://t.co/p490QbSs5W https://t.co/CCDJMQp2Tm"
1975121537222029611	2025-10-06T10:50:45Z	La visita virtual del Museo del Prado incluye vistas panorámicas 360º e imágenes en altísima resolución de las obras de la colección. Estés donde estés, accede gratis aquí: https://t.co/f5tdrSRxCX #NextGenerationEU #PlandeRecuperación https://t.co/8PFugteDdh
1975173403473486173	2025-10-06T14:16:50Z	"#PradoEducación Itinerario ""Lugares de trabajo"". Todos los lunes a las 11:30 y 16:15h https://t.co/7VOeb2DCyl https://t.co/H23o645hso"
1975210349113622829	2025-10-06T16:43:39Z	"""Bajo la luna todo está en movimiento: tentativas sobre física y zoographia"". Vídeo de la conferencia impartida por Jorge Cano Cuenca (Universidad Complutense de Madrid) https://t.co/uU9pSLcwx7

Celebrada durante el ciclo ""Intersecciones: la filosofía clásica y las artes"", en octubre de 2025"
1975243058598879540	2025-10-06T18:53:38Z	"#PublicacionesPrado ""Tomon Hyakka"", diseños tradicionales japoneses. Una edición inspirada en el libro original ""Cien diseños de cosas hermosas de la capital"", de 1891, conservado en el Gabinete de dibujos, estampas y fotografías del Museo del Prado https://t.co/f45dXKJg0U https://t.co/BwgjQ2tg9S"
1975482391406711157	2025-10-07T10:44:39Z	Tres detalles de moda en el retrato de Amalia de Llano y Dotres, condesa de Vilches, pintado en 1853 por su amigo Federico de Madrazo https://t.co/DDQ9LKrkSW
1975499568411533391	2025-10-07T11:52:54Z	"#PradoEducación Visitas dialogadas a la colección del Museo del Prado

Consulta horarios: https://t.co/iY02FppGqx https://t.co/jNqd7TWUMC"
1975858805456990571	2025-10-08T11:40:23Z	El color del arte. El Museo del Prado reabre su Galería Central https://t.co/yOCI0qQFOa https://t.co/IaALnGGD2Q
1976208468500435110	2025-10-09T10:49:49Z	Hoy se presenta a los medios “Felipe IV, a caballo”, de Velázquez, después de su restauración https://t.co/qzutcxa5Oz
1976236597348626617	2025-10-09T12:41:36Z	El retrato ecuestre de Felipe IV de Velázquez recupera su esplendor original gracias al apoyo de la Fundación Iberdrola España, ‘miembro protector’ del Programa de Restauraciones del Museo del Prado https://t.co/aDWZTwXslB https://t.co/7MOWtmr4sA
1976582373039829403	2025-10-10T11:35:35Z	"#PradoEducación Itinerario ""Lugares de trabajo"". Todos los lunes a las 11:30 y 16:15h https://t.co/C3yFQevKfZ https://t.co/lKmjlqBEYx"
1976614626495229973	2025-10-10T13:43:45Z	La visita virtual del Museo del Prado incluye vistas panorámicas 360º e imágenes en altísima resolución de las obras maestras de la colección. Estés donde estés, accede gratis aquí: https://t.co/f5tdrSRxCX #NextGenerationEU #PlandeRecuperación https://t.co/kfB2WjsCwo
1976640934772384253	2025-10-10T15:28:17Z	Timelapse del trabajo de pintura y montaje de la Galería Central del Museo del Prado https://t.co/FYojPBSF34
1977293204279242765	2025-10-12T10:40:10Z	Con motivo de la celebración del 12 de octubre el Museo del Prado abrirá hoy de 13:30 a 19:00h. El acceso será gratuito https://t.co/JdBJqGn4rs https://t.co/42FiGHCK3Z
1977623090009145782	2025-10-13T08:31:01Z	"#PradoEducación Itinerario ""Lugares de trabajo"". Los lunes a las 11:30 y 16:15h https://t.co/C3yFQewi5x https://t.co/KEDt96ub8r"
1977676180582003165	2025-10-13T12:01:59Z	Hoy hemos estado en directo con Javier Portús, jefe de colección de Pintura Barroca Española, y con la restauradora María Álvarez Garcillán, para hablar sobre la restauración del retrato ecuestre de Felipe IV pintado por Velázquez entre 1634 y 1635. Podéis ver el vídeo aquí: https://t.co/d2Se2UJA8i
1977692840915341432	2025-10-13T13:08:11Z	"Si queréis saber más sobre la restauración de ""Felipe IV, a caballo"" hemos abierto este espacio en nuestra web que incluye un histórico de imágenes con las ubicaciones del cuadro en el museo a lo largo del tiempo https://t.co/g0WO2b0bHr https://t.co/8a5E75W2tL"
1977743881836835247	2025-10-13T16:31:00Z	El reconocido clasicista inglés Robin Lane Fox impartirá la Conferencia José Pedro Pérez-Llorca 2025 este 16 de octubre en el Museo del Prado https://t.co/B1JOanJZsy https://t.co/pn4lcBn0vU
1977799325054067072	2025-10-13T20:11:19Z	"""Rubens y la cultura del Renacimiento italiano"". Vídeo de la conferencia impartida por Raffaella Morselli (Università degli Studi di Teramo) https://t.co/snhabytVr4

Celebrada en enero de 2023 durante el ciclo de conferencias Francisco Calvo Serraller ""Pedro Pablo Rubens"", organizado por la Fundación Amigos del Museo del Prado"
1978014937051017677	2025-10-14T10:28:05Z	"#PradoEducación ""Un paseo botánico por el Prado"". Todos los martes y jueves en el museo. Consulta horarios: https://t.co/UBHGpgT9o6 https://t.co/b9jYidvLC4"
1978026046747181291	2025-10-14T11:12:14Z	Presentamos dos obras que se incorporan a la colección del Museo del Prado, “El nacimiento de Adonis” y “La muerte de Adonis”, de François Boucher, adquiridas con el legado de Juan José Luna https://t.co/b3JbfKgLvO
1978048739345649755	2025-10-14T12:42:24Z	"El Museo del Prado adquiere dos pinturas mitológicas de François Boucher, ""El nacimiento de Adonis"" y ""La muerte de Adonis"" https://t.co/v52ngIlGzA https://t.co/Jco6uwMaxC"
1978382037015769535	2025-10-15T10:46:48Z	"Mañana a las 19h el reconocido clasicista inglés Robin Lane Fox impartirá la Conferencia José Pedro Pérez-Llorca 2025 ""El mundo natural: pagano y cristiano …"" https://t.co/uCqXYxT9jz https://t.co/lMtGBUPRR0"
1978394416499798356	2025-10-15T11:36:00Z	El color del arte en el Museo del Prado. Así lucen las obras de Tiziano, Tintoretto, Rubens y Guido Reni con el nuevo azul de la Galería Central https://t.co/yOCI0qQFOa https://t.co/5HCJKdDB4b
1978439313034490015	2025-10-15T14:34:24Z	"XIV Cátedra del Prado: ""Tiempo, la fuerza invisible. Conceptos imaginales en el curso de la historia"", dirigida por la historiadora de las imágenes Astrit Schmidt-Burkhardt. A partir del 6 de noviembre

Programa e inscripciones: https://t.co/8kdQ5k3l7T

Colabora: @FNotariado https://t.co/A8xph8bbqp"
1978718229859057743	2025-10-16T09:02:43Z	El antes y el después de la restauración del retrato ecuestre de Felipe IV pintado por Velázquez hacia 1635 https://t.co/g0WO2b0bHr https://t.co/l8cM9AgK3M
1978743434497142959	2025-10-16T10:42:52Z	"Esta tarde a las 19h el reconocido clasicista inglés Robin Lane Fox impartirá la Conferencia José Pedro Pérez-Llorca 2025 ""El mundo natural: pagano y cristiano …"" https://t.co/uCqXYxT9jz https://t.co/ryOLUIij2N"
1978799773072421016	2025-10-16T14:26:44Z	Hoy a las 19h tendrá lugar la Conferencia José Pedro Pérez-Llorca impartida por el clasicista Robin Lane Fox. Entradas gratuitas en la taquilla 1 del museo a partir de las 18h. Se emitirá en directo a través de nuestro canal de YouTube https://t.co/uCqXYxTH97 https://t.co/FqVfaWNdQ4
1978872049163555241	2025-10-16T19:13:56Z	Sigue en directo la conferencia “El mundo natural: pagano y cristiano”, impartida por Robin Lane Fox https://t.co/lupx7NrqJ3 https://t.co/h7cagsnsbK
1979085386165916030	2025-10-17T09:21:40Z	El 17 de octubre de 1629 nacía Baltasar Carlos de Austria. En este retrato pintado por Velázquez imitando los de su padre, Felipe IV, y su abuelo, Felipe III, el príncipe tenía unos 6 años https://t.co/MoFw5n1CCb
1979131091752477089	2025-10-17T12:23:17Z	El Prado dedica su Cátedra 2025 este noviembre al tiempo como fuerza invisible en el curso de la historia https://t.co/NiRC9mORN1 https://t.co/x9e3tuuB1m
1979444838069088516	2025-10-18T09:10:00Z	"""El Prado en femenino"" es un sitio web sobre el papel de las mujeres en el arte a través de las colecciones del Museo del Prado. Incluye una obra destacada distinta cada día, índice de autoras, conferencias y otros recursos https://t.co/O38DqBTZIt https://t.co/k0glG9kM1f"
1980196504603419003	2025-10-20T10:56:51Z	"Ya se pueden visitar en el Museo del Prado las dos obras mitológicas de François Boucher que se incorporan a la colección gracias al legado de Juan José Luna, ""El nacimiento de Adonis"" y ""La muerte de Adonis"" https://t.co/v52ngIlGzA https://t.co/2jc4ntM4fQ"
1980227535649505487	2025-10-20T13:00:10Z	"#PradoEducación ""Donantes medievales. La pervivencia de la memoria""

Un recorrido por las salas de pintura medieval del Museo del Prado, donde se exponen una serie de obras desde el siglo XIII hasta los últimos años del siglo XV que comparten la presencia de figuras en actitud orante 

Consulta horarios: https://t.co/JO0RFFoFCW"
1980307534230794662	2025-10-20T18:18:03Z	"""The Natural World: Pagan and Christian"". Vídeo de la conferencia José Pedro Pérez-Llorca 2025 impartida por Robin Lane Fox en el Museo del Prado

Versión original en inglés: https://t.co/x2UNwl43lz
Español: https://t.co/x928dSdTaq https://t.co/dFMHL3Duj0"
1980536574090543128	2025-10-21T09:28:10Z	¿Cómo se hace una estampa calcográfica? Sigue paso a paso todo el proceso en este simulador, desde la elección del tipo de papel hasta el ajuste de la presión del tórculo https://t.co/eEjRc54HuN #NextGenerationEU #PlandeRecuperación https://t.co/avd2t9G86U
1980561017504411787	2025-10-21T11:05:18Z	"Últimos días para inscribirse a la XIV Cátedra del Prado: ""Tiempo, la fuerza invisible. Conceptos imaginales en el curso de la historia"", dirigida por la historiadora de las imágenes Astrit Schmidt-Burkhardt

Programa e inscripciones: https://t.co/VilEvINjhB

Colabora: @FNotariado"
1980599511320801721	2025-10-21T13:38:15Z	El Museo del Prado, nominado al “Project of influence Award” en la sección IMAGINES en The Best in Heritage Conference por “El Prado en femenino” https://t.co/RSvdZIRF4A https://t.co/stmzQQlAfP
1980900025514525066	2025-10-22T09:32:24Z	"La restauración de ""Felipe IV, a caballo"", uno de los cinco retratos encargados a Velázquez en 1634 para el Salón de Reinos https://t.co/g0WO2b0JwZ https://t.co/eQxCfngj8t"
1980951363778412855	2025-10-22T12:56:24Z	"La visita virtual del Museo del Prado incluye vistas panorámicas 360º e imágenes en altísima resolución de las obras maestras de la colección. Estés donde estés, accede gratis aquí: https://t.co/f5tdrSRxCX

#NextGenerationEU #PlandeRecuperación https://t.co/ipAPXSOKSX"
1981276731571855649	2025-10-23T10:29:17Z	Descubre las pinturas mitológicas de Boucher en la sala 37, nueva adquisición del Museo del Prado gracias a los fondos del legado de Juan José Luna https://t.co/v52ngIl8K2 https://t.co/6H1hHN3bHm
1981296365570249173	2025-10-23T11:47:18Z	"Últimos días para inscribirse a la XIV Cátedra del Prado: ""Tiempo, la fuerza invisible. Conceptos imaginales en el curso de la historia"", dirigida por la historiadora de las imágenes Astrit Schmidt-Burkhardt

Programa e inscripciones: https://t.co/VilEvINjhB

Colabora: @FNotariado"
1981345874883063841	2025-10-23T15:04:02Z	El Museo del Prado y la @FundacionEndesa clausuran la tercera edición de “Marcos de mira” https://t.co/MgcJVHsb7r #PradoEducación https://t.co/3XQ9ulAHHW
1981624644693324119	2025-10-24T09:31:46Z	#Timelapse El color del arte en el Museo del Prado. Así lucen las obras de Tiziano, Tintoretto, Rubens y Guido Reni con el nuevo azul de la Galería Central https://t.co/LyNqrL549s
1981653374551691456	2025-10-24T11:25:56Z	"#PradoEducación Curso ""El retrato como lenguaje"". Taller de fotografía impartido por JEOSM en noviembre y diciembre

Inscripciones: https://t.co/dFGQPwlsEP https://t.co/tx7nqn9CoQ"
1981669278915924430	2025-10-24T12:29:08Z	Rubens, protagonista del Día de las Bibliotecas en el Museo del Prado https://t.co/k5Yj6WNPZM https://t.co/9S3PCITlbU
1981680625972388017	2025-10-24T13:14:13Z	Consulta la galería dedicada a Rubens en la Biblioteca Digital del Museo del Prado. Los ejemplares están disponibles descarga: https://t.co/lQaUTEmhZm
1981683693250077026	2025-10-24T13:26:25Z	Trasladamos nuestra enhorabuena a los galardonados en los Premios Princesa de Asturias 2025. El Museo del Prado tuvo el honor de recibir el Premio Princesa de Asturias de Comunicación y Humanidades en 2019, coincidiendo con el Bicentenario del museo https://t.co/K6NrXZZcDn
1981991367304970356	2025-10-25T09:49:00Z	Todos los días de la semana ofrecemos visitas guiadas a las obras maestras del Museo del Prado: el Bosco, Sofonisba Anguissola, el Greco o Velázquez. Se solicitan directamente en la taquilla del museo https://t.co/qGy8KSec0D #PradoEducación https://t.co/PwSudZ44qm
1982721247969476632	2025-10-27T09:09:17Z	#Timelapse El color del arte en el Museo del Prado. Así lucen las obras de Tiziano, Tintoretto, Rubens y Guido Reni con el nuevo azul de la Galería Central https://t.co/71w8lHP3x1
1982767123144589502	2025-10-27T12:11:34Z	El Museo del Prado y la Fundación Tatiana ponen en marcha el proyecto Residencia Internacional de Neurociencia y Arte del Museo Nacional del Prado https://t.co/GZsuC0uMOK https://t.co/prkYfeDOlt
1982783058219581651	2025-10-27T13:14:54Z	"En el Día Mundial del Patrimonio Audiovisual compartimos estas imágenes históricas del Museo del Prado en películas de ficción, documentales e informativos que preservan y difunden la memoria de la institución

Memoria audiovisual del Museo del Prado: https://t.co/loA5a55MNy https://t.co/gPsw1ikUW4"
1983104380397072483	2025-10-28T10:31:43Z	"#PradoEducación Curso ""El retrato como lenguaje"". Taller de fotografía impartido por JEOSM en noviembre y diciembre

Inscripciones: https://t.co/b5DwGCyRKu https://t.co/aRTLlNSZMp"
1983150816744657155	2025-10-28T13:36:14Z	Estés donde estés puedes pasear por el Museo del Prado a través de la visita virtual a la colección https://t.co/f5tdrSRxCX #NextGenerationEU #PlandeRecuperación https://t.co/fiZKf3S4rH
1983466757923684627	2025-10-29T10:31:40Z	"#PradoEducación ""Fuera de ruta"". Un plano didáctico ilustrado por María Medem para acompañar a las familias en un recorrido por diez obras de la colección del Museo del Prado con propuestas que animan a grandes y pequeños a compartir preguntas, ideas y momentos de reflexión compartida

Disponible en los puntos de información del museo https://t.co/icI6tSNgsN 

Colabora @elcorteingles"
1983499339205886283	2025-10-29T12:41:08Z	"""Felipe IV, a caballo"". El antes y el después de la restauración del retrato ecuestre de Felipe IV pintado por Velázquez hacia 1635 https://t.co/qDsKnFftEy"
1983513434751635520	2025-10-29T13:37:09Z	La Galería Central se abre por primera vez al visitante de #ElPradodeNoche este sábado https://t.co/YIhEc62RAW https://t.co/zhSVSsZvnL
1983813100114477351	2025-10-30T09:27:55Z	"¿Sabías que existe una flor llamada tablero de damas? La guía ""Un paseo botánico por el Prado"" pone el foco en más de 40 especies botánicas en la colección del museo de la mano del jardinero e investigador botánico Eduardo Barba https://t.co/IdpGuwdoiN https://t.co/x4Hp0ST5BO"
1983852048622751765	2025-10-30T12:02:41Z	"El Prado de Noche ahora es azul

Sábado 1 de noviembre. Acceso gratuito hasta completar aforo https://t.co/bpWPOwM7ED"
1983922341223481823	2025-10-30T16:42:00Z	"#PradoEducación Concierto ""Tempesta nel cuore"". Interpretado por Aurora Peña, la Orquesta Barroca de Sevilla e Ignacio Ramal

14 de noviembre a las 19:00h. Entradas disponibles: https://t.co/ZGXZgxYJpZ https://t.co/M1rHV8PKBj"
1984208394111398021	2025-10-31T11:38:40Z	"Ya se pueden ver en el Museo del Prado ""El nacimiento de Adonis"" y ""La muerte de Adonis"", las dos pinturas de François Boucher adquiridas gracias a los fondos del legado de Juan José Luna https://t.co/jmwXcnvBK8 https://t.co/FjfXTd8sAd"
1985257870984986934	2025-11-03T09:08:55Z	Todos los días de la semana ofrecemos visitas guiadas a las obras maestras del Museo del Prado: el Bosco, Sofonisba Anguissola, Rubens, Velázquez o Goya. Podéis apuntaros en las taquillas del museo https://t.co/crTAP6mp4t #PradoEducación
1985334115428622738	2025-11-03T14:11:53Z	"Hoy a las 18:30 el neurocientífico Alva Noë (Universidad de Berkeley) impartirá la conferencia ""La imagen en el arte y en la Inteligencia Artificial"". Podrá seguirse en directo en nuestro canal de YouTube https://t.co/FSyOTojhtv

La Residencia Internacional de Neurociencia y Arte cuenta con la colaboración del Centro Internacional de Neurociencia y Ética (CINET) de la Fundación Tatiana"
1985338056396681500	2025-11-03T14:27:33Z	"¿Qué es la belleza? ¿Es algo objetivo? 
Neurocientíficos visitan el Museo del Prado https://t.co/qhDGIZl8lS"
1985366204987683151	2025-11-03T16:19:24Z	El Museo del Prado reúne a 20 destacados neurocientíficos para debatir en torno a las conexiones entre el arte y el cerebro https://t.co/6BSngZ8piT
1985387683108307057	2025-11-03T17:44:45Z	Y para ti... ¿Qué es la belleza?
1985403237336310226	2025-11-03T18:46:33Z	Sigue en directo la conferencia de Alva Noë: “La imagen en el arte y en la Inteligencia Artificial” https://t.co/BAOj9vsNHg https://t.co/Kk2hF3LNDQ
1985648639415357625	2025-11-04T11:01:41Z	"El programa #PinceladasSonoras pone música a la visita del Museo del Prado. La joven pianista Mariam Chitanava interpreta partituras de Beethoven, Enrique Granados y Franz Liszt en la sala 51

Todos los martes y jueves https://t.co/qfz9OYZDlF

Con el apoyo de @Amazon https://t.co/7JNqjdqfFu"
1985657788123742635	2025-11-04T11:38:03Z	Esta mañana se presenta a los medios de comunicación la nueva instalación de la sala 4 del museo, con las obras de Annibale Carracci y su escuela procedente de la Capilla Herrera de Roma https://t.co/wj7kyb4gXd
1985658555970539812	2025-11-04T11:41:06Z	La instalación ha sido posible gracias a la colaboración de OHLA
1985679522021171690	2025-11-04T13:04:24Z	Así ha sido el montaje en el Museo del Prado de los frescos de la Capilla Herrera en Roma. Esta nueva instalación en altura permite disfrutar de este conjunto excepcional del barroco italiano tal y como fue concebido por Annibale Carracci https://t.co/GeIgJPlDnR
1985685618806886437	2025-11-04T13:28:38Z	"El Museo del Prado recrea la Capilla Herrera, punto clave del primer barroco en Roma https://t.co/LRcsSOiDMA 

Con la colaboración de OHLA"
1985994035736007101	2025-11-05T09:54:10Z	"🫂Con motivo del Día Internacional de las Personas Cuidadoras dedicaremos un directo de Instagram especial a todas esas personas que entregan su tiempo a quienes las necesitan

📱Os esperamos esta tarde a las 20:00h en la cuenta del Museo del Prado https://t.co/EB54tzuBhA https://t.co/xvxLMkwT1W"
1986029427793232133	2025-11-05T12:14:48Z	Timelapse de la nueva instalación: Los frescos de la Capilla Herrera de Roma https://t.co/HtNvDtty1i
1986052765580153001	2025-11-05T13:47:33Z	El Museo del Prado invita a superar la brecha digital compartiendo arte y cuidados en Instagram en el Día Internacional de las personas cuidadoras https://t.co/ouyAupK2fi https://t.co/xNn1eFctNe
1986338446286213309	2025-11-06T08:42:44Z	"#TalDíaComoHoy El 6 de noviembre de 1479 nacía en Toledo la reina Juana I de Castilla, hija de Isabel I de Castilla y Fernando II de Aragón. Esta pintura de finales del siglo XIX representa a Juana, embarazada, acompañando el féretro de su esposo desde Burgos hasta Tordesillas. Se considera la obra maestra de Francisco Pradilla
 
Puedes leer más sobre ella en nuestra web: https://t.co/pE0jhwYqyS"
1986344899680035026	2025-11-06T09:08:23Z	"#Beca Convocatoria de un contrato predoctoral de cuatro años de duración asociado al proyecto ""Agencia de los artistas filipinos en España (1764-1898)"" (PID2024-159371NB-I00), liderado por personal del Museo Nacional del Prado y la Universidad de Sevilla
https://t.co/NMPOVgYdB2 https://t.co/MTVnxGQXHc"
1986383071671726100	2025-11-06T11:40:04Z	El Tesoro del Delfín del Museo del Prado inspira una colección del joyero artesano Omar Hurtado https://t.co/lLnGHPxTHv https://t.co/ExEU8FRZ1v
1986387386717085738	2025-11-06T11:57:12Z	El Museo del Prado supera los tres millones de visitantes a dos meses de finalizar 2025 https://t.co/VwI561OmV6 https://t.co/EhbdFg1Kfc
1986423552900313364	2025-11-06T14:20:55Z	"Durante la emisión especial con motivo del Día de las personas cuidadoras hemos conocido a María Cinta, de 89 años, y su nieta Anita, que le ayuda a vencer la brecha digital para que pueda ver los vídeos del museo desde Granada

Más historias en el vídeo: https://t.co/iht0EvGpiK https://t.co/xmVSRpZ6HK"
1986714336887250956	2025-11-07T09:36:23Z	Estés donde estés puedes pasear por el Museo del Prado a través de la visita virtual a la colección https://t.co/f5tdrSRxCX #NextGenerationEU #PlandeRecuperación https://t.co/UIMwjamMNj
1986733993530691832	2025-11-07T10:54:30Z	"""Aracne"", la herramienta del Museo del Prado para el análisis de lienzos, finalista en la categoría «Innovación digital del año» de los Apollo Awards 2025 de @Apollo_magazine https://t.co/yQ3xUqtZO1 https://t.co/MZ75kHpPel"
1987804082246127934	2025-11-10T09:46:39Z	Así ha sido el montaje en el Museo del Prado de los frescos de la Capilla Herrera, punto clave del primer barroco en Roma. Esta nueva instalación en altura permite disfrutar de este conjunto excepcional tal y como fue concebido por Annibale Carracci https://t.co/EkEldJFoUP
1988204747946422611	2025-11-11T12:18:45Z	"Esta reproducción de ""La fragua de Vulcano"" de Velázquez está en una taberna en Tegucigalpa, Honduras. ¿Qué obras del museo forman parte de vuestra vida cotidiana? Nos gustaría verlas y conocer vuestras historias con el hashtag #PradoCotidiano 

En este vídeo presentamos la iniciativa: https://t.co/AaTrHCmUOJ"
1988222971052196343	2025-11-11T13:31:10Z	"""Ecce Homo"" de Caravaggio se expone de nuevo en el Museo del Prado https://t.co/AZNn0rsOzT https://t.co/MxAVkIXfDY"
1988237416646218008	2025-11-11T14:28:34Z	"#Empleo Se convocan dos procesos selectivos para cubrir las siguientes plazas:
- Conservador N1 (Pintura Flamenca y Escuelas del Norte desde 1500). Nuevo ingreso 
- Jefe de Servicio N1 (Selección y Formación). Movilidad AGE

Bases: https://t.co/xpofz9XW4r https://t.co/R5OheLhNIe"
1988274053023715344	2025-11-11T16:54:09Z	#PradoCotidiano
1988604036573249672	2025-11-12T14:45:23Z	#PradoCotidiano
1988604415889355215	2025-11-12T14:46:53Z	#PradoCotidiano
1988670527591100895	2025-11-12T19:09:36Z	#EscribirElPrado El escritor Mathias Énard comienza su residencia en el Museo del Prado, gracias al patrocinio de Fundación @LoeweOfficial  y en colaboración con @GrantaEnEspanol https://t.co/DDT4fG9ZF0 https://t.co/ZMo4yaQNZI
1988910011112636608	2025-11-13T11:01:13Z	"""Ecce Homo"" de Caravaggio vuelve temporalmente al Museo del Prado https://t.co/3Z7MOY4uOC"
1988953793091031407	2025-11-13T13:55:11Z	"#Becas Programa de ayudas a la investigación postdoctoral Fundación Gondra Barandiarán 2025 en el Museo del Prado https://t.co/4Zttq3ywcG
🗓Presentación de solicitudes hasta el 15 de diciembre https://t.co/BthUuCdEEt"
1988960285407977636	2025-11-13T14:20:59Z	"La obra de José Aparicio ""El año del hambre en Madrid"", una de las pinturas más célebres durante el reinado de Fernando VII, regresa al Museo del Prado desde el Museo de Historia de Madrid para su restauración https://t.co/bMOgWrNO5b https://t.co/Ij4hY1jqjx"
1989250099248263413	2025-11-14T09:32:36Z	#PradoCotidiano
1989250261932797999	2025-11-14T09:33:15Z	@ArthurMiras_ Muchas gracias, Arthur
1989275319359123917	2025-11-14T11:12:49Z	"Las esculturas de Juan Muñoz ya están en la puerta del Museo del Prado para la exposición ""Juan Muñoz. Historias de Arte"". A partir del 18 de noviembre https://t.co/0tS9IapmlZ https://t.co/OFX0rZuprA"
1989309979237445734	2025-11-14T13:30:33Z	#PradoCotidiano
1989332261989167325	2025-11-14T14:59:05Z	El Museo del Prado pone en marcha el #PradoCotidiano, una iniciativa participativa para celebrar su aniversario https://t.co/fCUTg0l0zo https://t.co/jk1pmnYlPm
1989651332480078043	2025-11-15T12:06:58Z	El #PradoCotidiano en vuestro día a día https://t.co/fCUTg0lyoW https://t.co/inACSfkmnI
1990360901707559137	2025-11-17T11:06:32Z	Esta mañana se presenta a los medios de comunicación la exposición “Juan Muñoz. Historias de arte”, que cuenta con la colaboración de @MADRID y se podrá visitar hasta el 8 de marzo https://t.co/acIWQyz2Wc
1990361325017432215	2025-11-17T11:08:13Z	La rueda de prensa se puede seguir en directo desde nuestro canal de YouTube https://t.co/u460hMOvWw
1990376175500407093	2025-11-17T12:07:14Z	"Exposición ""Juan Muñoz. Historias de Arte"". A partir del 18 de noviembre en el Museo del Prado

Con la colaboración de @MADRID https://t.co/gbEQuB9B3D"
1990458725874753576	2025-11-17T17:35:15Z	“Juan Muñoz. Historias de arte”: el diálogo del maestro de la escultura contemporánea con el arte clásico que le inspiró https://t.co/Q7PHb0FLW3 https://t.co/MQJbfWH1xr
1990746997188604208	2025-11-18T12:40:45Z	"El Museo del Prado expondrá un Murillo robado en 1897 que se exhibía en Francia. Se podrá ver en el próximo itinerario ""El Prado en femenino"", dedicado a la reina Isabel de Farnesio https://t.co/gx1g56d9jT https://t.co/FVjaLpjNF9"
1990825179262378476	2025-11-18T17:51:25Z	¿Qué obras del museo forman parte de tu #PradoCotidiano? ¿En qué ciudad las has visto?
1991082618415427735	2025-11-19T10:54:23Z	"Hace 206 años, el 19 de noviembre de 1819, el Museo del Prado recibía a sus primeros visitantes. Hoy celebramos nuestro aniversario con entrada gratuita a la colección y a la exposición ""Juan Muñoz. Historias de arte"". ¡Os esperamos! https://t.co/8D4NADz528"
1991102121446674922	2025-11-19T12:11:53Z	El Museo del Prado recibe un reconocimiento del Ayuntamiento de Paiporta por el proyecto “En un lugar de… la memoria” https://t.co/aTBViKVtjN https://t.co/vlHfEwBzPA
1991128045126656430	2025-11-19T13:54:53Z	Con motivo del aniversario del Museo publicamos en nuestra web “El #PradoCotidiano”, un retrato íntimo y diverso de la conexión emocional del público con la Colección https://t.co/PQZzr8MpuS https://t.co/fJjX7kPNno
1991196114725531816	2025-11-19T18:25:23Z	El Prado cotidiano es un retrato íntimo y diverso de vuestra relación con el Museo del Prado. Esta es una pequeña muestra de las más de 150 historias de 18 países distintos que ya forman parte del sitio #PradoCotidiano https://t.co/9IHifFYAmP https://t.co/iuN0A6sP8F
1991448354098716824	2025-11-20T11:07:41Z	"Exposición ""Juan Muñoz. Historias de Arte"" : el diálogo del maestro de la escultura contemporánea con el arte clásico que le inspiró. Hasta el 8 de marzo gracias a la colaboración de @MADRID https://t.co/0tS9IaoOwr https://t.co/TQlUZA01yn"
1991463783538008183	2025-11-20T12:09:00Z	"#PradoEducación Conciertos del programa de culturas urbanas SGAE FLIPAS 2025 en el Museo del Prado

21 de noviembre: Mamoun El Bied Emila Trevisani e Irene Ivankovà

28 de noviembre: Oumoukala Sow Cisse y Silvia Torres

Entrada gratuita: https://t.co/OJ3bykF3D3 https://t.co/NNu0oqRqgg"
1991803910156357982	2025-11-21T10:40:32Z	"El #PradoCotidiano en Australia

""En abril del 2025 encontré esta reimaginación de Las Meninas en el Kidogo Arthouse en la cuidad de Fremantle, Australia"" Juan José V.
https://t.co/9IHifFYAmP https://t.co/lStxk49mA2"
1991824164026524153	2025-11-21T12:01:01Z	"#PradoEducación ""Fuera de ruta"". Un plano didáctico ilustrado por María Medem para acompañar a las familias en un recorrido por diez obras de la colección del Museo del Prado con propuestas que animan a grandes y pequeños a compartir preguntas, ideas y momentos de reflexión compartida  Disponible en los puntos de información del museo https://t.co/9XP2PnoRio   
Colabora @elcorteingles"
1991843129717125288	2025-11-21T13:16:23Z	"""Ecce Homo"" de Caravaggio se expone de nuevo en el Museo del Prado como depósito hasta 2027 https://t.co/BaG70rLHQV"
1991914093356486873	2025-11-21T17:58:22Z	"Exposición ""Juan Muñoz. Historias de Arte"" en el Museo del Prado https://t.co/6ALZAeuxMF"
1992541108648509451	2025-11-23T11:29:54Z	Estamos muy agradecidos a la revista @AD_Spain por concedernos el premio a la Divulgación Cultural. El arquitecto Sir Norman Foster fue el encargado de entregar el galardón al  Director del Museo del Prado, Miguel Falomir https://t.co/E2e5FsnUoM
1992897041639305390	2025-11-24T11:04:15Z	Esta mañana se presenta a los medios de comunicación la exposición “Antonio Raphael Mengs”. Se puede seguir en directo desde nuestro canal de YouTube https://t.co/N0iebG6H0A https://t.co/OsGA3YNnWy
1992933016302445037	2025-11-24T13:27:12Z	El Museo del Prado recupera la figura de Mengs, el “creador” del Neoclasicismo https://t.co/2XLfDKYAZ2 https://t.co/xd5zd95Snx
1992958093542465913	2025-11-24T15:06:51Z	"A partir de mañana se podrá visitar la exposición ""Antonio Raphael Mengs (1728-1779)"", que cuenta con el patrocinio exclusivo de @FundacionBBVA https://t.co/7a5xYAx8C5 https://t.co/bfX52aDwMV"
1993060254725382505	2025-11-24T21:52:48Z	El Prado recupera la figura de Mengs, el pintor de mal carácter olvidado por la Historia que revolucionó el arte  https://t.co/T0Fvp4Q91I vía @el_pais
1993233408554934319	2025-11-25T09:20:51Z	"Ya se puede visitar la exposición ""Antonio Raphael Mengs (1728-1779)"", figura clave en el nacimiento del Neoclasicismo y uno de los artistas más influyentes del siglo XVIII. La muestra cuenta con el patrocinio exclusivo de @FundacionBBVA https://t.co/7a5xYAxGrD https://t.co/fFvMFYu0lS"
1993236726983131183	2025-11-25T09:34:02Z	#TalDíaComoHoy en 1891 el periodista Mariano de Cavia alertaba sobre un terrible incendio en el Museo del Prado. En realidad se trataba de una noticia falsa que buscaba mejorar la atención sobre la precaria situación en la que se encontraba el museo en esa época #FakeNews https://t.co/HUPjrY1Sns
1993411145135538320	2025-11-25T21:07:07Z	"El 4 de diciembre tendrá lugar la conversación ""El Museo del Prado, un viaje inmóvil"" entre el escritor Mathias Énard y el periodista José Andrés Rojo, con motivo del programa ""Escribir el Prado"", patrocinado por Fundación @LoeweOfficial https://t.co/fkT1TRfGRI https://t.co/YUKxik0AfG"
1993628073082982583	2025-11-26T11:29:07Z	"#PradoEducación Visitas guiadas a la exposición ""Juan Muñoz. Historias de arte""

De martes y domingo a las 12:00h

Más información: https://t.co/D1nFk2jU2y https://t.co/OsGF0qg9Vp"
1993674064553189638	2025-11-26T14:31:52Z	"""Antonio Raphael Mengs (1728-1779)"". Una exposición sobre esta figura clave en el nacimiento del Neoclasicismo que permite explorar tanto la faceta de Mengs como pintor de cámara y muralista como su dimensión intelectual y teórica https://t.co/7a5xYAxGrD https://t.co/HRzhJ6up1a"
1993975699514765659	2025-11-27T10:30:27Z	Juan Muñoz (1953–2001), uno de los artistas españoles más influyentes del arte contemporáneo, ‘regresa’ al Museo del Prado, lugar de inspiración que visitaba con frecuencia. Con la colaboración de @MADRID https://t.co/0tS9IaoOwr https://t.co/TKHUWg7oqO
1993996428583293013	2025-11-27T11:52:49Z	"Exposición ""Antonio Raphael Mengs (1728-1779)"", una figura clave en el nacimiento del Neoclasicismo y uno de los artistas más influyentes del siglo XVIII. La muestra cuenta con el patrocinio exclusivo de 
@FundacionBBVA https://t.co/7a5xYAxGrD https://t.co/QV2nGmSPee"
1994326393157767327	2025-11-28T09:43:59Z	"#EscribirelPrado Durante su residencia en el Prado el escritor Mathias Énard mantendrá la conversación ""El Museo del Prado, un viaje inmóvil"", con el periodista José Andrés Rojo https://t.co/fkT1TRfGRI

El programa ""Escribir el Prado"" está patrocinado por Fundación @LoeweOfficial https://t.co/matqepvOyP"
1994334869342900425	2025-11-28T10:17:40Z	"Presentamos ""El Prado en femenino III: La reina Isabel de Farnesio (1692-1766)"". Un recorrido por el legado de la promotora artística que más significativamente contribuyó al engrandecimiento de la antigua Colección Real y del actual Museo del Prado. Colabora @instmujeres https://t.co/O8uueUitLz"
1994341311357350251	2025-11-28T10:43:16Z	Esta mañana se presenta a los medios de comunicación el itinerario expositivo “El Prado en femenino III. La reina Isabel de Farnesio 1692-1766”, con @InstMujeres y la colaboración de @iryo_eu https://t.co/rGRviEV8cq
1994379999663821149	2025-11-28T13:17:00Z	"El Museo del Prado pone en valor el legado de Isabel de Farnesio, la reina coleccionista, en ""El Prado en femenino"" https://t.co/o9oV3d8gK3 https://t.co/STTeVMAGj2"
1994387969290191012	2025-11-28T13:48:40Z	#Empleo El Museo del Prado convoca 1 plaza de Jefe de Servicio N1 (Contratación) y una plaza de Jefe de Servicio N1 (Gráfica y Señalización), las dos por movilidad AGE. Más información en: https://t.co/xpofz9YtTZ https://t.co/pVR77tDesN
1995459615778374142	2025-12-01T12:47:00Z	"Ya podéis visitar la tercera edición del itinerario ""El Prado en femenino"", dedicado a la reina Isabel de Farnesio https://t.co/pwtOSaKRAk https://t.co/unkzIj33VO"
1995506421459243029	2025-12-01T15:53:00Z	"#PradoEducación ""Juan Muñoz. Historias de arte"", claves de la exposición

Todos los lunes en el Museo del Prado. Consulta horarios: https://t.co/mvw6HbGrDw https://t.co/wMxgAYa0oZ"
1995507675124183106	2025-12-01T15:57:59Z	"🗓Agenda. Del 1 al 7 de diciembre en el Museo del Prado

▪Exposiciones 
- “Juan Muñoz. Historias de arte”
- “Antonio Raphael Mengs (1728-1779)”
- Itinerario “El Prado en femenino”: La reina Isabel de Farnesio

➡Más información: https://t.co/j4yRKBCZJQ
 
▪Visitas guiadas
- Juan Muñoz. Historias de arte
- Antonio Raphael Mengs (1728-1779)
- Isabel de Farnesio. Una gran mujer, una gran reina
- Un paseo botánico por el Prado
- Donantes medievales. La pervivencia de la memoria
- Equilibrios sensibles

➡Todas las visitas https://t.co/JGLdyEnWsJ
 
◾No te pierdas
- Jueves: #EscribirelPrado “El Museo del Prado, un viaje inmóvil”, con Mathias Énard https://t.co/DM5fWxkEFk
- Sábado: #ElPradodeNoche https://t.co/XYlngn3DFf
- Domingo: Visitas guiadas a la bóveda de Luca Giordano en el Casón del Buen Retiro https://t.co/m7bWRQVtQp
 
🎟Entradas y horarios: https://t.co/sGmNmxvKUe"
1995774936275673371	2025-12-02T09:39:59Z	"""Antonio Raphael Mengs (1728-1779)"", una figura clave en el nacimiento del Neoclasicismo y uno de los artistas más influyentes del siglo XVIII. Hasta el 1 de marzo en el Museo del Prado https://t.co/7a5xYAx8C5 Con el patrocinio exclusivo de @FundacionBBVA https://t.co/ovpCS0ZBFp"
1995831425694880007	2025-12-02T13:24:27Z	Celebra el Día de la Constitución en “El Prado de noche” este sábado 6 de diciembre https://t.co/92IV3nF4Tp https://t.co/lrJ83TFOSE
1996159838447915272	2025-12-03T11:09:26Z	"“El Museo del Prado, un viaje inmóvil”. Una conversación entre Mathias Énard y José Andrés Rojo dentro del programa #EscribirelPrado https://t.co/QDsXQxjHdk

🗓El 4 de diciembre a las 18:30h. Con el patrocinio de Fundación Loewe y en colaboración con Granta en español https://t.co/A6SCIhaISM"
1996249538009436387	2025-12-03T17:05:53Z	"Hoy a las 18:30h empieza el ciclo de conferencias de El Prado en femenino III: “El legado de una reina. Isabel de Farnesio en las colecciones del Museo del Prado”, con la profesora Mª Ángeles Pérez Samper (Universidad de Barcelona)

Más información: https://t.co/joIHfcMUdq https://t.co/rrLVRbtRFF"
1996496948174414249	2025-12-04T09:29:00Z	"Esta tarde a las 18:30h el escritor Mathias Énard mantendrá la conversación ""El Museo del Prado, un viaje inmóvil"" con el periodista José Andrés Rojo como parte de la residencia literaria #EscribirelPrado https://t.co/T1HNdBa7s4 https://t.co/z8OfF1FmtX"
1996522697262571594	2025-12-04T11:11:19Z	Hemos mejorado el diseño de la página de compra de entradas, gracias a @Telefonica, para que resulte más sencillo e intuitivo el proceso de compra. Esta nueva interfaz hará más fácil visitar exposiciones como Juan Muñoz, Mengs o el Itinerario Prado en Femenino #PuertaDigital https://t.co/MRovtBm3T8
1996537968551686513	2025-12-04T12:12:00Z	"Exposición ""Juan Muñoz. Historias de Arte"" en el Museo del Prado. Con la colaboración de @MADRID

Entradas: https://t.co/0tS9IapmlZ https://t.co/INwRTPnnhi"
1996633347133522178	2025-12-04T18:31:00Z	"#EscribirelPrado Sigue en directo ""El Museo del Prado, un viaje inmóvil"", con Mathias Énard y José Andrés Rojo https://t.co/alM5ZlLKqk https://t.co/uaXf111feE"
1996867537955705145	2025-12-05T10:01:35Z	"Ya se puede visitar en el Museo del Prado la exposición ""Antonio Raphael Mengs (1728-1779)"", figura clave en el nacimiento del Neoclasicismo y uno de los artistas más influyentes del siglo XVIII https://t.co/7a5xYAxGrD

Con el patrocinio exclusivo de @FundacionBBVA https://t.co/GdYPJxCNF7"
1996880614633701728	2025-12-05T10:53:33Z	La cultura es un derecho. Seis artículos de la Constitución la mencionan. Este sábado 6 de diciembre vuelve El Prado de Noche https://t.co/9tLU8H3bxK
1996910881490579763	2025-12-05T12:53:49Z	@ElcafedeMatilde Hola, la entrada al museo es gratuita en el Prado de Noche y todos los días las dos últimas horas de la tarde, además de otras condiciones de gratuidad que puedes ver en nuestra web. Saludos https://t.co/A5TuKgnTxr
1997290980081304020	2025-12-06T14:04:12Z	"#PradoCotidiano Humildad desde Guadalaviar, en Teruel, nos cuenta la historia de su casa y su relación con ""La nevada o El invierno"" de Goya y el ""Jardín de las delicias"" del Bosco https://t.co/bVadIilkjT"
1997654783893872678	2025-12-07T14:09:49Z	"¿Quién ostenta el poder en ""La familia de Felipe V"" de Van Loo? Con Noelia García Pérez, catedrática de Historia del Arte en la Universidad de Murcia y directora de ""El Prado en femenino"" https://t.co/SkVIE6zU0w"
1998311323789058158	2025-12-09T09:38:41Z	"""Ecce Homo"" de Caravaggio, en depósito en el Museo del Prado hasta 2027 https://t.co/AZNn0rsOzT https://t.co/gr4lGR22mS"
1998370228787663042	2025-12-09T13:32:45Z	"#PradoEducación Concierto de Navidad ""Divin Enfant. Symphonies en quatuor sur les Noëls"" a cargo de El Afecto Ilustrado

🗓Viernes 12 de diciembre a las 19:00h en el auditorio del Museo del Prado. Programa y entradas: https://t.co/BaZLuvzV1h https://t.co/iuaHCE4cTJ"
1998404014455849190	2025-12-09T15:47:00Z	"#PublicacionesPrado ""Antonio Raphael Mengs 1728-1779"", el catálogo de la exposición

Edición a cargo de Andrés Úbeda, jefe de colección de pintura italiana del siglo XVIII y Goya del Museo del Prado, y Javier Jordán de Urríes, conservador de Patrimonio Nacional https://t.co/SwF6ha95AZ"
1998672938107625539	2025-12-10T09:35:36Z	"Lamentamos profundamente el fallecimiento del músico Robe Iniesta. En febrero tuvimos la ocasión de colaborar con este vídeo que une la colección del Museo del Prado y su canción ""El poder del arte"" https://t.co/g2nfL3vN5l"
1999051050913865775	2025-12-11T10:38:05Z	La visita virtual del Museo del Prado incluye vistas panorámicas 360º e imágenes en altísima resolución de las obras de la colección. Estés donde estés, accede gratis aquí: https://t.co/f5tdrSRxCX #NextGenerationEU #PlandeRecuperación https://t.co/1rX0nqjXK0
1999074649880310245	2025-12-11T12:11:52Z	Homenaje a la fundadora: El Museo del Prado inaugura un espacio dedicado a la reina Isabel de Braganza https://t.co/9D0TK5zHw6 https://t.co/BXa1wtIwn6
1999398548027109647	2025-12-12T09:38:55Z	"Hoy se celebra el Día de la Virgen de Guadalupe. Hace unos meses presentamos la exposición “Tan lejos, tan cerca. Guadalupe de México en España"", que fue visitada por miles de personas, entre ellas la artista Natalia Lafourcade @lafourcade https://t.co/n3OAB0yRsL"
2000519556859592958	2025-12-15T11:53:24Z	"🗓Agenda. Del 15 al 21 de diciembre en el Museo del Prado 

◾Exposiciones
- “Juan Muñoz. Historias de arte”
- “Antonio Raphael Mengs (1728-1779)”
- Itinerario “El Prado en femenino”: La reina Isabel de Farnesio

ℹ Más información: https://t.co/j4yRKBCZJQ
 
◾Visitas guiadas
- Juan Muñoz. Historias de arte
- Antonio Raphael Mengs (1728-1779)
- Isabel de Farnesio. Una gran mujer, una gran reina
- Lugares de trabajo
- Donantes medievales. La pervivencia de la memoria
- Visita dialogada: Memorias vivas

➡Todas las visitas https://t.co/JGLdyEnWsJ
 
◾¡No te pierdas!
- Lunes: Estreno del documental “El Prado en femenino: Isabel de Farnesio” https://t.co/oi39Iwub9a
- Martes y jueves: Pinceladas sonoras, con la pianista Mariam Chitanava https://t.co/eA44ru83v3
- Miércoles: Conferencia “El legado de una reina. Isabel de Farnesio en las colecciones del Museo del Prado” https://t.co/8wCIMjUKEQ
- Sábado y domingo: Una obra, un artista. “Felipe II ofreciendo al cielo al infante don Fernando”, de Tiziano
Domingo: Visitas guiadas a la bóveda de Luca Giordano en el Casón del Buen Retiro https://t.co/m7bWRQVtQp
 
🎟Entradas y horarios: https://t.co/sGmNmxvKUe"
2000616939912044971	2025-12-15T18:20:22Z	"Estrenamos el documental ""El Prado en femenino: Isabel de Farnesio"", en colaboración con CaixaForum+. Estará disponible en el canal de YouTube del Museo del Prado https://t.co/SXoTcspYml https://t.co/5yyheRwLxd"
2000865050974715972	2025-12-16T10:46:17Z	"""Santa Ana dando una lección a la Virgen"", el boceto de Murillo que perteneció a la colección de Isabel de Farnesio y fue sustraído en el Museo del Prado a finales del siglo XIX, ha vuelto al museo para formar parte del itinerario ""El Prado en femenino"" https://t.co/gx1g56cBul https://t.co/zBHOwdstUP"
2000882288192630874	2025-12-16T11:54:46Z	"Exposición ""Juan Muñoz. Historias de Arte"" en el Museo del Prado. Con la colaboración de @MADRID

Entradas: https://t.co/82XHmrDHUq https://t.co/I4FM2YWmuD"
2000924974463238587	2025-12-16T14:44:23Z	"#Empleo El Museo del Prado convoca dos procesos selectivos para cubrir las siguientes plazas:

-  Encargado General de Informática N3 (Diseño de Productos Digitales). Plaza de nuevo ingreso
- Técnico de Mantenimiento N4 (Electricidad). Plaza de nuevo ingreso para contrato laboral fijo de relevo de jubilación parcial anticipada 

Bases: https://t.co/D23gSE730q"
2000954466624004286	2025-12-16T16:41:35Z	"El Museo del Prado cede ""La prisión de Lanuza"", de Carlos Larraz y Micheto, en calidad de depósito temporal a la sede del Justicia de Aragón https://t.co/acTUBcIbYO https://t.co/Ay7qKZq0KS"
2001230807910764552	2025-12-17T10:59:40Z	"#PradoEducación ""Donantes medievales. La pervivencia de la memoria"". Un recorrido por las salas de pintura medieval del museo, donde se exponen una serie de obras desde el siglo XIII hasta el XV que comparten la presencia de figuras en actitud orante

Todos los miércoles: https://t.co/daWEzkoOc0"
2001241513280352574	2025-12-17T11:42:12Z	El Museo del Prado presenta un proyecto pionero de investigación y desarrollo 3D aplicado a la Colección de Marcos https://t.co/m2UwKiwLxC https://t.co/vz36ecEPOq
2001263856384139509	2025-12-17T13:10:59Z	El Museo del Prado ha desarrollado un proyecto de investigación 3D aplicado a su Colección de marcos #NextGenerationEU https://t.co/sMlpYssMCJ https://t.co/4CHSjV6PXc
2001587445742162276	2025-12-18T10:36:49Z	"""El Prado en femenino"": Isabel de Farnesio (1692-1766) https://t.co/2qdVIU0akM"
2001606097212145711	2025-12-18T11:50:56Z	Llega al Museo del Prado una obra de Luisa Roldán, la gran escultora del barroco español https://t.co/fCs9J3jQPt https://t.co/0VMoKADdb4
2001643564493869276	2025-12-18T14:19:49Z	"Luisa Roldán, ""La Roldana"", se incorpora a la colección del Museo del Prado con ""Descanso en la huida a Egipto"" https://t.co/rIkWZRBzTP"
2001961975299870826	2025-12-19T11:25:04Z	"🖼Si venís al museo en familia esta Navidad, ""Fuera de ruta"" es un plano didáctico que incluye un recorrido por diez obras de la colección del Museo del Prado con propuestas para descubrir formas de viajar, caminar y mirar el arte

ℹDisponible gratuitamente en los puntos de información del museo https://t.co/9XP2PnoRio   

Colabora @elcorteingles
#PradoEducación"
2001979544253939831	2025-12-19T12:34:52Z	"#PublicacionesPrado ""Juan Muñoz. Historias de arte"", el catálogo. Edición a cargo de Vicente Todolí, comisario de la exposición https://t.co/7Jt99AjyGc https://t.co/FREtI48qBL"
2001989854138376193	2025-12-19T13:15:51Z	#PradoExtendido El lienzo “Cristo presentado al pueblo”, depositado en la Universidad de Oviedo, recupera su valor artístico original https://t.co/2eMDYcxUAw https://t.co/Rm9VKle7jk
2003019185430081707	2025-12-22T09:26:02Z	"“La Natividad de la Virgen”, Juan García de Miranda (principios del siglo XVIII) 

El Prado en los billetes de Lotería Nacional: https://t.co/h4Xg8YbOAl https://t.co/zgHAMUSRiJ"
2003030751374426137	2025-12-22T10:12:00Z	"Exposición ""Antonio Raphael Mengs (1728-1779)"", una figura clave en el nacimiento del Neoclasicismo y uno de los artistas más influyentes del siglo XVIII. La muestra cuenta con el patrocinio exclusivo de 
@FundacionBBVA https://t.co/7a5xYAxGrD https://t.co/oiNxJQU0GC"
2003396159101108369	2025-12-23T10:24:00Z	"Exposición ""Juan Muñoz. Historias de Arte"" en el Museo del Prado. Con la colaboración de @MADRID https://t.co/0tS9IapmlZ https://t.co/XhGjjoRhWi"
2004150099929403475	2025-12-25T12:19:53Z	"¡Feliz Navidad! 

“La Adoración de los pastores”, Antonio Rafael Mengs, 1770 #Mengs https://t.co/6lZlPPGsCr"
2004176300148510912	2025-12-25T14:04:00Z	"Buscando a san José en un tríptico del Bosco

""La Adoración de los Magos"", de 1494 https://t.co/rzhK6H8M2w"
2004494143960064098	2025-12-26T11:07:00Z	"Itinerario expositivo ""El Prado en femenino"": Isabel de Farnesio (1692-1766) https://t.co/pwtOSaKjKM https://t.co/9ZEIYTeWs1"
2004856532085997632	2025-12-27T11:07:00Z	"""Antonio Raphael Mengs (1728-1779)"", una figura clave en el nacimiento del Neoclasicismo y uno de los artistas más influyentes del siglo XVIII. Hasta el 1 de marzo en el Museo del Prado https://t.co/egUEvcdvpO Con el patrocinio exclusivo de @FundacionBBVA https://t.co/qOxLXMTs1t"
2005577264923385992	2025-12-29T10:50:56Z	El Museo del Prado supera, por tercer año consecutivo, su récord histórico de visitantes https://t.co/3sXMPHngGM https://t.co/cPprmGx4Wb
2005580354606735649	2025-12-29T11:03:13Z	"El actor y director José Sacristán pone voz al texto ""Roca española"", del artista Ramón Gaya, que decía del Museo del Prado: “Desde fuera y lejos de España, cuando uno piensa en el Prado, este no se presenta nunca como un museo, sino como una especie de patria, como una roca” https://t.co/YWb978zPmz"
2005995735020622145	2025-12-30T14:33:47Z	El Museo del Prado da la bienvenida al 2026 con “El Prado de noche” https://t.co/OBmeMKA103 https://t.co/KWIVP6qdXX
2006508248233574423	2026-01-01T00:30:20Z	¡Feliz 2026! https://t.co/zvPI3umvW8
2007039251519852949	2026-01-02T11:40:21Z	El Museo del Prado supera por primera vez los 3,5 millones de visitantes https://t.co/tVAPGnz7Mz https://t.co/VMvl5is3BM
2008105056667926921	2026-01-05T10:15:28Z	Mathias Enard y la relectura infinita del Prado https://t.co/og0Gy0atOy a través de @el_pais
2008125068925358169	2026-01-05T11:35:00Z	"Exposición ""Antonio Raphael Mengs (1728-1779)"", una figura clave en el nacimiento del Neoclasicismo y uno de los artistas más influyentes del siglo XVIII. La muestra cuenta con el patrocinio exclusivo de 
@FundacionBBVA
 https://t.co/egUEvcdvpO https://t.co/5nucpEd5Gj"
2008213468260798825	2026-01-05T17:26:16Z	"🖼Si venís al museo en familia, ""Fuera de ruta"" es un plano didáctico que incluye un recorrido por diez obras de la colección del Museo del Prado con propuestas para descubrir formas de viajar, caminar y mirar el arte

ℹDisponible en los puntos de información y online https://t.co/icI6tSNgsN

Colabora @elcorteingles 
#PradoEducación"
2008484028677325011	2026-01-06T11:21:22Z	“La Adoración de los Reyes Magos”, Juan Bautista Maíno, 1612-1614 https://t.co/BVQNUdsNUe https://t.co/cend3GRoCi
2008821078089486533	2026-01-07T09:40:41Z	"""Ecce Homo"" de Caravaggio, en depósito en el Museo del Prado, se expone flanqueado por obras de Daniele Crespi y Mattias Stom, seguidores del estilo de Caravaggio https://t.co/b57lU9zXiz https://t.co/yCsA0ho3Gp"
2008826219240816891	2026-01-07T10:01:07Z	"Exposición ""Juan Muñoz. Historias de Arte"" en el Museo del Prado. Con la colaboración de @MADRID https://t.co/82XHmrDHUq https://t.co/wZNzWKmoHg"
2008856967805382925	2026-01-07T12:03:18Z	Entra en la Biblioteca Digital del Museo del Prado, una puerta de acceso al fondo antiguo especializado en literatura artística con 6.000 manuscritos y libros publicados entre finales del siglo XV y principios del siglo XX https://t.co/S4PhcNMw2z https://t.co/UJvKhoRb6C
2008869079948411316	2026-01-07T12:51:26Z	"🔎#PradoEducación ""Naturaleza creadora"" es una visita taller en la que proponemos desarrollar la observación y la imaginación en las salas del Museo del Prado a través de la palabra y el dibujo con el ilustrador Adolfo Serra

👉Inscripciones: https://t.co/1BHeKazV6r

Colabora @elcorteingles"
2009179560378814544	2026-01-08T09:25:10Z	Todos los días de la semana ofrecemos visitas guiadas a las obras maestras del Museo del Prado: Tintoretto, Velázquez, Goya o Gisbert. Se solicitan directamente en la taquilla del museo https://t.co/qGy8KSec0D #PradoEducación https://t.co/AfuzsuwBy0
2009218013950800029	2026-01-08T11:57:58Z	"#Exposiciones actuales en el Museo del Prado: ""Antonio Raphael Mengs"", ""Juan Muñoz. Historias de Arte"", ""El Prado en femenino III"", ""El pintor Antonio Muñoz Degrain"" https://t.co/yu9A5c7M0z https://t.co/rDdHuWDm1b"
2009292008507183363	2026-01-08T16:52:00Z	"""Efigie y fábula. Los retratos de Rubens"". Vídeo de la conferencia impartida por Jaime García-Máiquez (Museo del Prado) https://t.co/0uVI0OgvvU

Celebrada en marzo de 2023 durante el ciclo de conferencias Francisco Calvo Serraller ""Pedro Pablo Rubens"", organizado por la Fundación Amigos del Museo del Prado"
2009563699611144576	2026-01-09T10:51:36Z	"Mañana sábado a las 18.30h dará comienzo el ciclo de conferencias ""Poetas en el Prado VII. Introversiones"", con la ponencia ""Los anuncios"", de la poeta, ensayista y narradora argentina María Negroni https://t.co/HfuubxXbRd https://t.co/62M0UCDBiS"
2009570021597430107	2026-01-09T11:16:43Z	El Museo del Prado reúne a voces prestigiosas de la lírica y el ensayo contemporáneo en la VII edición de ‘Poetas en el Prado’ https://t.co/4mTjXNl6w5 https://t.co/kL9ts7Cc8E
2009918460696891418	2026-01-10T10:21:18Z	El significado de la flor de lis en las obras del Museo del Prado y su relación con la reina Isabel de Farnesio #PradoenFemenino https://t.co/UyaG5GMFNj
2010624825585242203	2026-01-12T09:08:08Z	"""Juan Muñoz. Historias de Arte"". Hasta el 8 de marzo en el Museo del Prado https://t.co/82XHmrDHUq
Con la colaboración de @MADRID https://t.co/k1nEdYoeti"
2010665300136517822	2026-01-12T11:48:58Z	"🗓Agenda. Del 12 al 18 de enero en el Museo del Prado

◾Exposiciones
- “Juan Muñoz. Historias de arte”
- “Antonio Raphael Mengs (1728-1779)”
- “El pintor Antonio Muñoz Degrain (1840 - 1924)”. Últimos días
- Itinerario “El Prado en femenino”: La reina Isabel de Farnesio

ℹ Más información: https://t.co/j4yRKBCZJQ

◾Visitas guiadas
- Juan Muñoz. Historias de arte
- Antonio Raphael Mengs (1728-1779)
- Isabel de Farnesio. Una gran mujer, una gran reina
- Lugares de trabajo
➡ Todas las visitas: https://t.co/vqT82orbnh

◾¡No te pierdas!
- Proyecciones diarias del documental “El Prado en femenino: Isabel de Farnesio” https://t.co/CjTniSVyS1
- Lunes: Claves de “Juan Muñoz. Historias de arte” https://t.co/dkwH7ancoW
- Martes: Conferencia “Bernini. La fuerza de la escultura”. Para Amigos del Museo del Prado https://t.co/8JVuN8BVJ2
- Sábado y domingo: Una obra, un artista. Pinturas murales de San Baudelio de Berlanga https://t.co/3oQpOGytOO
Domingo: Visitas guiadas a la bóveda de Luca Giordano en el Casón del Buen Retiro https://t.co/m7bWRQVtQp"
2010677893983096897	2026-01-12T12:39:01Z	"Exposición ""Antonio Raphael Mengs (1728-1779)"", una figura clave en el nacimiento del Neoclasicismo y uno de los artistas más influyentes del siglo XVIII. La muestra cuenta con el patrocinio exclusivo de 
@FundacionBBVA
 https://t.co/egUEvccXAg https://t.co/6klvFwA4Ew"
2010701687661441398	2026-01-12T14:13:34Z	"Abierto el plazo de inscripción para el simposio ""Protagonistas femeninas en la formación de las colecciones del Museo del Prado III. Isabel de Farnesio""
📆Fechas: 9 y 10 de marzo
💻Inscripción gratuita en modalidad presencial y online https://t.co/yo7sEQ6LND https://t.co/AdyOY6lWxp"
2010757379353137513	2026-01-12T17:54:51Z	"""El Impacto de Goya en el siglo XIX: de Gautier a Madrazo"". Vídeo de la conferencia impartida por Paula Fayos (beca Leonardo, Fundación BBVA) https://t.co/1jM6EhDv1j

Celebrada en noviembre de 2025 durante el ciclo de conferencias ""Programa Joven 2025"" https://t.co/vGBAtfbGDF"
2011007903801495738	2026-01-13T10:30:21Z	"La reina Isabel de Farnesio reunió una de las colecciones más destacadas de su tiempo, con obras maestras de Velázquez, Murillo, Rubens, Guido Reni, Bruegel el Viejo o Clara Peeters

#PradoenFemenino https://t.co/pwtOSaKjKM

Colabora @instmujeres https://t.co/JV4z8RzKIN"
2011151162456567972	2026-01-13T19:59:37Z	"El Museo del Prado comparte Aracne, un software que facilita el estudio de los lienzos. Aracne analiza con precisión los tejidos, permitiendo la comparación entre cuadros, el estudio de los formatos originales y de los paños añadidos

🧵Descarga: https://t.co/16U4Ye6jpJ https://t.co/cMw25SizSR"
2011344857273413902	2026-01-14T08:49:17Z	Así ha sido el montaje en el Museo del Prado de los frescos de la Capilla Herrera en Roma. Esta nueva instalación en altura permite disfrutar de este conjunto excepcional del barroco italiano tal y como fue concebido por Annibale Carracci https://t.co/Igj6AzpofR
2011371879588938047	2026-01-14T10:36:40Z	Esta mañana se presenta a los medios de comunicación la temporada del Museo del Prado para 2026 https://t.co/Mh8eUMVGn1
2011388794822676634	2026-01-14T11:43:53Z	El Museo del Prado presenta su programación en 2026 abierta a nuevas geografías, naturaleza, temáticas y cronologías https://t.co/bXa0Z4CeK2 https://t.co/jXgF0SdAHf
2011749188816576831	2026-01-15T11:35:57Z	"Pintura dentro de la pintura: ""Ceres en casa de Hécuba"" (1605) del Museo del Prado y ""El gabinete de arte de Cornelis van der Geest"" (1628), del Rubenshuis Museum, en Amberes https://t.co/Xe7exfZaLG https://t.co/6EQ37Yg2T8"
2011757503952908311	2026-01-15T12:09:00Z	"Simposio ""Protagonistas femeninas en la formación de las colecciones del Museo del Prado III. Isabel de Farnesio""
📆Fechas: 9 y 10 de marzo
💻Inscripción gratuita en modalidad presencial y online https://t.co/yo7sEQ6LND
Colabora @instmujeres https://t.co/86SQSJIzD4"
2011761018788327541	2026-01-15T12:22:58Z	De Zelenka a Boccherini: la música que acompañó a Mengs sonará en el Museo del Prado los días 23 y 24 de enero https://t.co/gdFw1WKGFn https://t.co/81KIceofmH
2011781990547099742	2026-01-15T13:46:18Z	"El cortometraje ""El Fantasma de la Quinta"" (""The Quinta’s Ghost""), dirigido por James A. Castillo, es candidato a los Oscar en la categoría de Mejor cortometraje de animación. ¡Suerte en las últimas horas de votación para la nominación al premio! https://t.co/0dcUwLMhNv"
2012096946786181463	2026-01-16T10:37:49Z	"Exposición ""Juan Muñoz. Historias de Arte"". Con la colaboración de @MADRID
 https://t.co/nUij3ChdLr"
2012211629648122163	2026-01-16T18:13:32Z	"""Isabel de Farnesio. Una gran mujer, una gran reina"". Vídeo de la conferencia impartida por María Ángeles Pérez Samper (Universidad de Barcelona) https://t.co/Jgp8fFjary

Celebrada en diciembre de 2025 durante el ciclo ""El legado de una reina. Isabel de Farnesio en las colecciones del Museo del Prado"" #PradoenFemenino"
2013199189560168714	2026-01-19T11:37:44Z	"🗓Agenda del 19 al 25 de enero en el Museo del Prado

◾Exposiciones
- “Juan Muñoz. Historias de arte”
- “Antonio Raphael Mengs (1728-1779)”
- “El pintor Antonio Muñoz Degrain (1840 - 1924)”. Última semana
- Itinerario “El Prado en femenino”: La reina Isabel de Farnesio
ℹ Más información: https://t.co/j4yRKBCZJQ

◾Visitas guiadas
- Juan Muñoz. Historias de arte
- Antonio Raphael Mengs (1728-1779)
- Isabel de Farnesio. Una gran mujer, una gran reina
- Memorias vivas
- Donantes medievales. La pervivencia de la memoria
➡ Todas las visitas: https://t.co/vqT82orbnh

◾¡No te pierdas!
- Proyecciones diarias del documental “El Prado en femenino: Isabel de Farnesio” https://t.co/CjTniSVyS1
- Lunes: Curso “Antonio Raphael Mengs. El más grande pintor del siglo XVIII”. Para Amigos del Museo del Prado https://t.co/jh636QG1ob
- Martes y jueves: Pinceladas sonoras, con la pianista Mariam Chitanava https://t.co/XxtuqrpTBA
- Viernes y sábado: Concierto “Mengs, músicas para un retrato”, con la soprano María Espada y el conjunto de cámara Nereydas y la dirección Ulises Illán https://t.co/edsrLg8hqo"
2013520531694190889	2026-01-20T08:54:38Z	"""Juan Muñoz. Historias de Arte"": el diálogo del maestro de la escultura contemporánea con el arte clásico que le inspiró en el Prado. Hasta el 8 de marzo

Con la colaboración de @MADRID https://t.co/p0Rgs4C9Hb"
2013607171049558183	2026-01-20T14:38:55Z	"Así fue la restauración del ""San Sebastián"" pintado por Guido Reni hacia 1619. La limpieza deja al descubierto parte de la anatomía del santo que había sido cubierta en el pasado. Desde 1746 figura en la colección de la reina Isabel de Farnesio #PradoenFemenino https://t.co/uCAmocHuAw"
2013876669375795395	2026-01-21T08:29:48Z	"""Antonio Raphael Mengs (1728-1779)"", una figura clave en el nacimiento del Neoclasicismo y uno de los artistas más influyentes del siglo XVIII

Hasta el 1 de marzo en el Museo del Prado. Con el patrocinio exclusivo de @FundacionBBVA https://t.co/uBnkvfgBUv"
2013918731689250938	2026-01-21T11:16:57Z	#Empleo El Museo del Prado convoca una plaza de Técnico de Gestión N2 (Atención al Visitante) por Nuevo Ingreso (contrato laboral fijo de relevo). Podéis consultar las bases de la convocatoria en https://t.co/L3wh3jOg9m https://t.co/8lAcr2Yt7V
2013961658729668671	2026-01-21T14:07:31Z	#Empleo Se convocan 2 plazas de Oficial de Servicios Generales N5 (Brigada de movimiento de obras de arte) por Nuevo Ingreso (contrato laboral fijo de relevo) https://t.co/14A1GbY9BG https://t.co/jvicRe4ihK
2014025516634812574	2026-01-21T18:21:16Z	"""No solo paisaje. Obras del pintor Antonio Muñoz Degrain en el Museo del Prado"". Vídeo de la conferencia impartida por Javier Barón (Museo del Prado) https://t.co/05UwonxTde 

Celebrada en enero de 2026 https://t.co/eCK22DRgfd"
2014277310933860454	2026-01-22T11:01:49Z	"Itinerario expositivo ""El Prado en femenino"": Isabel de Farnesio (1692-1766) https://t.co/LzfGJCNQ0U"
2014630270167588971	2026-01-23T10:24:21Z	"Último fin de semana: ""El pintor Antonio Muñoz Degrain (1840-1924)"". Una exposición que muestra la variedad temática, el dominio técnico y la visión estética del pintor valenciano autor de la premiada ""Los amantes de Teruel"" https://t.co/3SYmSjj2VB https://t.co/RECsBSa9QO"
2014636338134315442	2026-01-23T10:48:27Z	"""Antonio Raphael Mengs (1728-1779)"", una figura clave en el nacimiento del Neoclasicismo y uno de los artistas más influyentes del siglo XVIII.
Hasta el 1 de marzo en el Museo del Prado. Con el patrocinio exclusivo de 
@FundacionBBVA https://t.co/3UpQT1z5hh"
2014699626280931705	2026-01-23T14:59:56Z	"Concierto ""Mengs: músicas para un retrato"", a cargo del conjunto de cámara Nereydas, con la soprano María Espada y bajo la dirección de @ILLANJavierUlis. Interpretarán, entre otras piezas, una partitura inédita de Boccherini recuperada por Lluís Bertran https://t.co/gdFw1WK8PP https://t.co/tQaoY4NOJa"
2015725907965530610	2026-01-26T10:58:01Z	"La visita virtual del Museo del Prado permite ver gratuitamente la colección desde cualquier lugar del mundo. Incluye imágenes en alta resolución de obras maestras como ""El Descendimiento"" de Van der Weyden https://t.co/f5tdrSRxCX #NextGenerationEU #PlandeRecuperación https://t.co/DRZJebW975"
2015736583974973815	2026-01-26T11:40:26Z	"🗓Agenda del 26 de enero al 1 de febrero en el Museo del Prado

◾Exposiciones
- “Juan Muñoz. Historias de arte”
- “Antonio Raphael Mengs (1728-1779)”
- Itinerario “El Prado en femenino”: La reina Isabel de Farnesio
ℹ Más información: https://t.co/j4yRKBCZJQ

◾Visitas guiadas
- Juan Muñoz. Historias de arte
- Antonio Raphael Mengs (1728-1779)
- Isabel de Farnesio. Una gran mujer, una gran reina
- Lugares de trabajo
- Diversidad y disidencia
➡ Todas las visitas: https://t.co/t8Ba9ecjct

◾¡No te pierdas!
- Proyecciones diarias del documental “El Prado en femenino: Isabel de Farnesio” https://t.co/CjTniSVyS1
- Martes y jueves: Pinceladas sonoras, con la pianista Mariam Chitanava https://t.co/XxtuqrpTBA
- Miércoles: Conferencia “De Mengs à David: une continuité sous-estimée. De Mengs a David: una continuidad subestimada”, por Philippe Bordes https://t.co/ht9tteyECd
- Domingo: Una obra, un artista. “Boceto para la Alegoría de la Institución de la Orden de Carlos III”, de Vicente López https://t.co/yoOvsPr5rd"
2015817758345494938	2026-01-26T17:03:00Z	"Nuevo enmarcado de ""La Piedad con donante"" del taller de Rogier van der Weyden. Proyecto de investigación y desarrollo 3D aplicado a la colección de marcos del Museo del Prado https://t.co/sMlpYssMCJ #NextGenerationEU #PlandeRecuperación https://t.co/JJm7SGF3MD"
2015838953077620833	2026-01-26T18:27:13Z	"""Antonio Raphael Mengs. Una exposición necesaria"". Vídeo de la conferencia impartida por Andrés Úbeda (Museo del Prado) https://t.co/Uk5dVLXYlr

Celebrada en enero de 2026 dentro del ciclo dedicado al pintor sajón Antonio Raphael Mengs https://t.co/FiYtDlPxLq"
2016113155827511490	2026-01-27T12:36:48Z	"""El Prado en femenino: Isabel de Farnesio"". Un nuevo documental de la serie dedicada a reinas, princesas, regentes y gobernadoras que contribuyeron poderosamente a crear y consolidar las colecciones de lo que hoy es el Museo del Prado https://t.co/p490QbSs5W https://t.co/GiZz8BJDlF"
2016448491665432677	2026-01-28T10:49:18Z	"¿Qué cuadro del Museo del Prado representaría a las películas de los @PremiosGoya 2026? Ayúdanos a elegir qué obra serían ""Los Domingos"", ""Sirât"", ""Maspalomas"" y ""Sorda"" en esta encuesta https://t.co/YbQ9jeUHP5 https://t.co/or5DhWwwX0"
2016451272912638130	2026-01-28T11:00:21Z	El Museo del Prado y la @Academiadecine invitan a elegir qué cuadro representaría a cada una de las nominadas a Mejor película https://t.co/QQSYD7ztGy https://t.co/aBPrkP9tzx
2016481974924292559	2026-01-28T13:02:21Z	"¿Qué cuadro del Museo del Prado representaría a las nominadas a Mejor película de los Goya 2026? Ayúdanos a elegir qué obras serían ""La cena"", ""Los Domingos"", ""Maspalomas"", ""Sirât"" y ""Sorda"" en esta encuesta https://t.co/YbQ9jeUHP5

🎬@Academiadecine"
2016809081223151706	2026-01-29T10:42:10Z	La visita virtual del Museo del Prado incluye vistas panorámicas 360º e imágenes en altísima resolución de las obras de la colección. Estés donde estés, accede gratis aquí: https://t.co/f5tdrSRxCX #NextGenerationEU #PlandeRecuperación https://t.co/mNQGmkVIjb
2016820983244484918	2026-01-29T11:29:27Z	"Ya se puede ver en las salas del siglo XIX el ""Esopo (copia de Velázquez)"", que Fortuny pintó hacia 1867, una obra que se incorpora a la colección Prado gracias a la donación de la Fundación Amigos del Museo del Prado

Vídeo sobre la obra y su contexto: https://t.co/d9kv8qZU6B https://t.co/eQVHgV6CHm"
2017137903441244268	2026-01-30T08:28:47Z	La pintora Rosario Weiss, una de las primeras copistas del Museo del Prado y maestra de dibujo de la reina Isabel II, ya tiene su placa homenaje al lado de la Puerta del Sol, donde nació. Nos sumamos a este tributo con Carlos G. Navarro, conservador de pintura del siglo XIX https://t.co/D4ttP5FWZ1
2017171095393096186	2026-01-30T10:40:41Z	Última hora para votar qué obras del Museo del Prado se corresponderían con las películas nominadas a los Premios Goya 2026 de la @Academiadecine. Algunas de las candidatas están muy igualadas https://t.co/4bbI2j0xqx
2017217238676242745	2026-01-30T13:44:02Z	Resultados de las películas de los Goya en el Prado: “Agnus Dei” para “Los Domingos”, “El jardín de las delicias” para “Sirât”, “Viejo desnudo al sol” para “Maspalomas”, “El aquelarre” para “La Cena” y un Brueghel para “Sorda”https://t.co/nknpLCTtOc https://t.co/nqzPypa6LF
2017588315403276761	2026-01-31T14:18:34Z	Las tres reinas: Isabel de Farnesio (1692-1766) https://t.co/pwtOSaKjKM #PradoenFemenino https://t.co/A06mTZOzyK
2018238050678059491	2026-02-02T09:20:22Z	"""A solas con Juan Muñoz"". Taller conducido por Iara Solano

Del 19 al 22 de febrero. Plazas disponibles: https://t.co/H1L0vpby7N
#PradoEducación https://t.co/a912IlYAwD"
2018265353688674476	2026-02-02T11:08:52Z	Presentamos a los medios la exposición “El Prado multiplicado. La fotografía como memoria compartida”, comisariada por Beatriz Sánchez Torija https://t.co/MOEX0H3oNT https://t.co/JrqzqBIAHB
2018280366683861323	2026-02-02T12:08:31Z	El Museo del Prado presenta la primera muestra monográfica dedicada a la fotografía y realizada con fondos propios https://t.co/HvemNndLWP https://t.co/Omzrq83ILl
2018309680649376205	2026-02-02T14:05:00Z	"🗓Agenda del 2 al 8 febrero en el Museo del Prado

◾Exposiciones
- “El Prado multiplicado. La fotografía como memoria compartida”
- “Juan Muñoz. Historias de arte”
- “Antonio Raphael Mengs (1728-1779)”
- Itinerario “El Prado en femenino”: La reina Isabel de Farnesio
ℹ Más información: https://t.co/j4yRKBCZJQ

◾Visitas guiadas
- De naturalezas y cuidados
- Juan Muñoz. Historias de arte
- Conversaciones. Con Noelia García Pérez, comisaria del itinerario “El Prado en femenino III. La reina Isabel de Farnesio (1692-1766)”
-  Antonio Raphael Mengs (1728-1779)
- Lugares de trabajo
➡ Todas las visitas: https://t.co/t8Ba9ecjct

◾No te pierdas...
- Sábado: El Prado de noche. Apertura nocturna gratuita https://t.co/UgicspSqW6
- Miércoles: Ciclo de conferencias “La escultura en el espacio. A propósito de Juan Muñoz” https://t.co/GrolKmzMy8
- Domingo: Visitas guiadas a la bóveda de Luca Giordano en el Casón del Buen Retiro https://t.co/m7bWRQVtQp

🎟Entradas y horarios: https://t.co/sGmNmxvKUe"
2018373599057383799	2026-02-02T18:19:00Z	"""¿Por qué Mengs es un pintor importante?"". Vídeo de la conferencia impartida por Steffi Roettgen, autora del catálogo razonado de Antonio Raphael Mengs https://t.co/ER9NYR75o3

Celebrada en enero de 2026 dentro del ciclo dedicado al pintor sajón Antonio Raphael Mengs https://t.co/6fWNd3r3LP"
2018628277464707486	2026-02-03T11:11:00Z	"#PublicacionesPrado ""Juan Muñoz. Historias de arte"", el catálogo. Edición a cargo de Vicente Todolí, comisario de la exposición 

Edición bilingüe español e inglés https://t.co/7Jt99Aj0QE https://t.co/laIPJt4fyX"
2018638343496708470	2026-02-03T11:51:00Z	"""Santa Ana dando una lección a la Virgen"", el boceto de Murillo que perteneció a la colección de Isabel de Farnesio y fue sustraído en el Museo del Prado en el siglo XIX, se puede ver en el museo como parte del itinerario ""El Prado en femenino"" https://t.co/gx1g56d9jT https://t.co/DUrgquHYoC"
2018655712612941958	2026-02-03T13:00:01Z	"Visita táctil a la exposición ""Juan Muñoz. Historias de arte"" para personas ciegas o con baja visión y acompañantes https://t.co/3kp3dwwT6R #PradoEducación https://t.co/MBgfy6bfhr"
2018732212750098931	2026-02-03T18:04:00Z	"""El clasicismo de Mengs. Roma y la Academia de Arcadia"". Vídeo de la conferencia impartida por Liliana Barroero (Academia de Arcadia) https://t.co/PAh7ghXABg 

Celebrada en enero de 2026 dentro del ciclo dedicado al pintor sajón Antonio Raphael Mengs https://t.co/2TV31vAv6v"
2018985852526112994	2026-02-04T10:51:52Z	"Simposio ""Protagonistas femeninas en la formación de las colecciones del Museo del Prado III: Isabel de Farnesio""

📆 9 y 10 de marzo
💻 Inscripción gratuita en modalidad presencial y online https://t.co/yo7sEQ7jDb https://t.co/zwuS1RHpdS"
2019000295494213941	2026-02-04T11:49:16Z	"Taller de creación para jóvenes ""A solas con Juan Muñoz"", conducido por la investigadora Iara Solano

📆Del 19 al 22 de febrero. Plazas disponibles https://t.co/H1L0vpby7N #PradoEducación https://t.co/UpSlkvi8q8"
2019001943700488411	2026-02-04T11:55:49Z	"El Museo del Prado inicia la restauración de ""Pablo de Valladolid"" de Velázquez, «el cuadro más asombroso jamás pintado», según definió Manet https://t.co/EogXoiQ4Fr https://t.co/b84xgGq190"
2019134642075697296	2026-02-04T20:43:07Z	"#PublicacionesPrado ""El ojo del pintor"", de John Banville

Tercera entrega de la colección ""Escribir el Prado"", la residencia de escritores del Museo del Prado con el patrocinio de la Fundación Loewe y en colaboración con Granta en español

Español-inglés https://t.co/GixVI8FijR https://t.co/lr2frMDUt4"
2019351679976575470	2026-02-05T11:05:32Z	El Museo del Prado centra su apertura nocturna este sábado en las últimas exposiciones temporales #ElPradodeNoche https://t.co/FyojUCpSMr https://t.co/U26EppRQ34
2019715026559565880	2026-02-06T11:09:21Z	El Museo del Prado abrirá de nuevo sus puertas la noche del sábado 7 de febrero https://t.co/FyojUCqqBZ #ElPradodeNoche Con la colaboración de @SamsungEspana https://t.co/f8e76XRl83
2020824029511274537	2026-02-09T12:36:08Z	"""Juan Muñoz. Historias de Arte"": el diálogo del maestro de la escultura contemporánea con el arte clásico que le inspiró en el Prado. Hasta el 8 de marzo, con la colaboración de @MADRID https://t.co/0tS9IaoOwr https://t.co/cmOXWqJXp4"
2020855105398989061	2026-02-09T14:39:37Z	El Museo del Prado felicita al bailarín Antonio Najarro, Medalla de Oro al Mérito en las Bellas Artes, por su coreografía para los Juegos Olímpicos de Invierno con los patinadores sobre hielo Madison Chock y Evan Bates. En 2025 celebramos el Día de la Danza con su talento https://t.co/Rv7QCBmDsm
2021140600125300954	2026-02-10T09:34:04Z	"Taller de creación para jóvenes ""A solas con Juan Muñoz"", conducido por la investigadora Iara Solano

📆Del 19 al 22 de febrero. Plazas disponibles https://t.co/OCbEeFjDLr #PradoEducación https://t.co/qxD1bwWs2S"
2021159638645756323	2026-02-10T10:49:43Z	"Se convocan tres becas de formación y especialización “Desarrollo de Talento” de la Fundación @casademexicoesp en el Museo del Prado:

🔵Restauración de Pintura
🔵Educación
🔵Comunicación Digital

Presentación de solicitudes hasta el 1 de marzo https://t.co/zOj90Dkw45 https://t.co/oYWgAYmeBM"
2021187417948967399	2026-02-10T12:40:06Z	"🗓Agenda hasta el 15 de febrero en el Museo del Prado

◾Exposiciones
- “Juan Muñoz. Historias de arte”
- “Antonio Raphael Mengs (1728-1779)”
- Itinerario “El Prado en femenino”: La reina Isabel de Farnesio
- “El Prado multiplicado. La fotografía como memoria compartida”
ℹ Más información: https://t.co/j4yRKBCZJQ

◾Visitas guiadas
- Juan Muñoz. Historias de arte
-  Antonio Raphael Mengs (1728-1779)
- Salas de pintura flamenca del XVII en el Museo del Prado
➡ Todas las visitas: https://t.co/0gNu3oNBWE

◾No te pierdas…
- Todos los días: Visitas guiadas a la colección https://t.co/ifcRCPyg02
- Martes y sábado: Conferencias “La escultura en el espacio. A propósito de Juan Muñoz” https://t.co/GrolKmzMy8
- Jueves: Conferencia “El Prado multiplicado: la fotografía como memoria compartida”, impartida por Beatriz Sánchez Torija https://t.co/v3maxW3zVu
- Domingo: Visitas guiadas a la bóveda de Luca Giordano en el Casón del Buen Retiro https://t.co/m7bWRQVtQp

🎟Entradas y horarios: https://t.co/sGmNmxvKUe"
2021207940137353420	2026-02-10T14:01:39Z	Conoce paso a paso todo el proceso de creación de una estampa calcográfica con este simulador, un proyecto digital del Gabinete de Dibujos, Estampas y Fotografías del Museo del Prado https://t.co/eEjRc54HuN #NextGenerationEU #PlandeRecuperación https://t.co/iFUKAHeIsd
2021242941772071342	2026-02-10T16:20:44Z	"Serie documental ""El Prado en femenino"", con episodios dedicados a Isabel la Católica, María de Hungría, Isabel de Valois, Isabel Clara Eugenia, Cristina de Suecia o Isabel de Farnesio. Disponible en YouTube https://t.co/p490QbSs5W https://t.co/YO0u1z8ZaP"
2021280251721163152	2026-02-10T18:49:00Z	"""La pintura mural de Mengs"". Vídeo de la conferencia impartida por Javier Jordán de Urríes (Patrimonio Nacional) https://t.co/w8jq3eZYkJ 

Celebrada en enero de 2026 dentro del ciclo dedicado al pintor Antonio Raphael Mengs https://t.co/ERHr7w7IQu"
2021524134795084170	2026-02-11T10:58:06Z	Así ha sido el montaje en el Museo del Prado de los frescos de la Capilla Herrera en Roma. Esta nueva instalación en altura permite disfrutar de este conjunto excepcional del barroco italiano tal y como fue concebido por Annibale Carracci https://t.co/rLFCezgXHh
2021538682709348400	2026-02-11T11:55:54Z	"Exposición ""El Prado multiplicado. La fotografía como memoria compartida"", un elemento clave en la difusión de las colecciones del museo y en la construcción de su memoria visual desde el siglo XIX  https://t.co/MOEX0H3WDr https://t.co/uJNXmmEmbn"
2021575845349896213	2026-02-11T14:23:35Z	"""Felipe IV, a caballo"". El antes y el después de la restauración del retrato ecuestre de Felipe IV pintado por Velázquez hacia 1635 para el Salón de Reinos

Todo sobre la intervención: https://t.co/g0WO2b0bHr https://t.co/sBec4kInBb"
2021888126868721958	2026-02-12T11:04:28Z	"Esta tarde a las 18:30 tendrá lugar la conferencia “El Prado multiplicado: la fotografía como memoria compartida”, impartida por Beatriz Sánchez Torija

Entrada libre hasta completar aforo https://t.co/Q3x2P0oj7Q https://t.co/5xUuN3N5uc"
2021943689077993897	2026-02-12T14:45:16Z	"Danza: ""ELAMOR x Juan Muñoz""

Este sábado 14 de febrero en el exterior del Museo del Prado
Pases a las 13:00 y a las 17:00 https://t.co/DNbemWY3pT #PradoEducación https://t.co/j3Hv1hagmw"
2022011294245958099	2026-02-12T19:13:54Z	"""El teatro del ojo. Miradas, ilusiones, trampantojos"". Vídeo de la conferencia impartida por Abel Fernández (Universidad Antonio de Nebrija) https://t.co/LX4ddJaTr3

Celebrada en febrero de 2026 en el marco del ciclo ""La escultura en el espacio. A propósito de Juan Muñoz"" https://t.co/sbN7bZy65a"
2022213802427888123	2026-02-13T08:38:36Z	Pasea por el Museo del Prado desde cualquier lugar del mundo con la visita virtual a la colección. Además de disfrutar de panorámicas de las salas en 360º y detalles de las obras en alta calidad, puedes elegir hasta 10 recorridos temáticos por el museo https://t.co/BUzwy8flaR https://t.co/JO8GpXO5WV
2022256421291631025	2026-02-13T11:27:57Z	La obra de Juan Muñoz se convierte en danza en el Museo del Prado este sábado https://t.co/m8KSlubNz4 https://t.co/l9ZCEVn1Ch
2022582583343956407	2026-02-14T09:04:00Z	#Timelapse El color del arte en la Galería Central del Museo del Prado https://t.co/C20YdVnIsl
2023319037170892808	2026-02-16T09:50:24Z	"Se convocan tres becas de formación y especialización “Desarrollo de Talento” de la Fundación  @casademexicoesp en el Museo del Prado:

🔵Restauración de Pintura
🔵Educación
🔵Comunicación Digital

Presentación de solicitudes hasta el 1 de marzo https://t.co/zOj90Dl3TD https://t.co/Y3w46zrqmW"
2023351337845436743	2026-02-16T11:58:45Z	"🗓Agenda del 16 al 22 de febrero en el Museo del Prado

◾Exposiciones
- “Juan Muñoz. Historias de arte”
- “Antonio Raphael Mengs (1728-1779)”
- Itinerario “El Prado en femenino”: La reina Isabel de Farnesio
- “El Prado multiplicado. La fotografía como memoria compartida”
ℹ Más información: https://t.co/j4yRKBCZJQ

◾Visitas guiadas
- Juan Muñoz. Historias de arte
- Antonio Raphael Mengs (1728-1779)
- Conversaciones. Con Beatriz Sánchez Torija, comisaria de la exposición “El Prado multiplicado. La fotografía como memoria compartida”
➡ Todas las visitas: https://t.co/csLYVJ0hGF

◾No te pierdas…
-  Proyecciones diarias del documental “El Prado en femenino: Isabel de Farnesio” https://t.co/CjTniSVyS1
- Lunes: Claves de “Juan Muñoz. Historias de arte” en la sala de conferencias https://t.co/dkwH7ancoW
- Martes: Curso online “Ilusión y persuasión. El arte del Barroco”. Para Amigos del Museo del Prado https://t.co/8JVuN8BVJ2
- Jueves: Salas de pintura flamenca del XVII en el Museo del Prado https://t.co/KIBskuM6cC

🎟Entradas y horarios: https://t.co/sGmNmxvKUe"
2023416578784788947	2026-02-16T16:18:00Z	"""Viejos campos expandidos o la utopía de la 'obra de arte total'"". Vídeo de la conferencia impartida por Eduardo Prieto (Universidad Politécnica de Madrid) https://t.co/V1fWyDnAej 

Celebrada en febrero de 2026 en el marco del ciclo ""La escultura en el espacio. A propósito de Juan Muñoz"""
2023445133224562846	2026-02-16T18:11:28Z	"#PublicacionesPrado ""Refugio"", de Olga Tokarczuk

Cuarta entrega de la colección ""Escribir el Prado"", la residencia de escritores del Museo del Prado con el patrocinio de la Fundación Loewe y en colaboración con Granta en español

Edición bilingüe español-inglés https://t.co/2LkTBxniDR"
2023687079205421467	2026-02-17T10:12:52Z	#Empleo El Museo del Prado convoca 1 plaza de Técnico de Gestión N2 (Comunicaciones), 1 plaza de Encargado General de Informática N3 (Sistemas) y 1 plaza de Técnico de Gestión N2 (Adquisiciones y Registro), todas ellas por movilidad AGE https://t.co/xpofz9XW4r https://t.co/VbEwYN4nv9
2023705364466921803	2026-02-17T11:25:32Z	"""Ecce Homo"" de Caravaggio, en depósito en el Museo del Prado hasta 2027 https://t.co/AzX1cDGLWG"
2023801886302773328	2026-02-17T17:49:04Z	"""Cuando un cuerpo es casa (o el exterior un interior y un adentro el afuera)"". Vídeo de la conferencia impartida por José Joaquín Parra Bañón (Universidad de Sevilla) https://t.co/od44vKsuGK  

Celebrada en febrero de 2026 en el marco del ciclo ""La escultura en el espacio. A propósito de Juan Muñoz"""
2023839616038805924	2026-02-17T20:19:00Z	"Becas de formación y especialización “Desarrollo de Talento” de la Fundación @casademexicoesp en el Museo del Prado:

🔵Restauración de Pintura
🔵Educación
🔵Comunicación Digital

Presentación de solicitudes hasta el 1 de marzo https://t.co/zOj90Dl3TD https://t.co/HU1z8icFRp"
2024052532549648639	2026-02-18T10:25:03Z	"""Juan Muñoz. Historias de Arte"". Una experiencia en la que el visitante se enfrenta a figuras silenciosas que parecen observarle desde un universo suspendido entre la ilusión y la realidad https://t.co/0tS9IapmlZ

Con la colaboración de @MADRID https://t.co/dLEpFbBSFE"
2024076583431029130	2026-02-18T12:00:37Z	El Prado incorpora a sus fondos la primera pintura de un autor puertorriqueño https://t.co/tMjVzwwiK0 https://t.co/vPEenYPizR
2024422861327176066	2026-02-19T10:56:36Z	El retrato inacabado de “La reina Luisa Isabel de Orleans”, pintado por Jean Ranc en 1724. Con Noelia García Pérez, directora científica de “El Prado en femenino”, cuya tercera edición está dedicada a la reina Isabel de Farnesio https://t.co/pwtOSaKjKM https://t.co/eAd4H65GzC
2024463909302751416	2026-02-19T13:39:43Z	"Itinerario expositivo ""El Prado en femenino"": Isabel de Farnesio (1692-1766) https://t.co/pwtOSaKjKM

Hasta el 24 de mayo. Colabora @instmujeres https://t.co/agLVQSdcRH"
2024503388776333328	2026-02-19T16:16:35Z	"Becas de formación y especialización “Desarrollo de Talento” de la Fundación @casademexicoesp en el Museo del Prado:

🔵Restauración de Pintura
🔵Educación
🔵Comunicación Digital

Presentación de solicitudes hasta el 1 de marzo https://t.co/zOj90Dkw45 https://t.co/uRKakCNwpy"
2024511291860320451	2026-02-19T16:48:00Z	"""El Prado multiplicado: la fotografía como memoria compartida"". Vídeo de la conferencia impartida por Beatriz Sánchez Torija (Área de Conservación de Dibujos, Estampas y Fotografías del Museo del Prado) https://t.co/zbrx7UUfQL

Celebrada en febrero de 2026 https://t.co/TkMEq6ybIQ"
2024775796003639657	2026-02-20T10:19:02Z	"Hasta el 1 de marzo: ""Antonio Raphael Mengs (1728-1779)"", una figura clave en el nacimiento del Neoclasicismo y uno de los artistas más influyentes del siglo XVIII https://t.co/7a5xYAxGrD

Con el patrocinio exclusivo de @FundacionBBVA https://t.co/wlqXFJg1h8"
2024917473233907771	2026-02-20T19:42:01Z	"¿Cómo se dice el Bosco en Lengua de Signos Española? Consulta todos los términos artísticos en el glosario ""Signar con el Prado"", un proyecto de #PradoEducación y @FundacionCNSE https://t.co/7DWZQJ3lIz https://t.co/Z3ENEDDmu4"
2025121311459086839	2026-02-21T09:12:00Z	Así ha sido el montaje en el Museo del Prado de los frescos de la Capilla Herrera en Roma. Esta nueva instalación en altura permite disfrutar de este conjunto excepcional del barroco italiano tal y como fue concebido por Annibale Carracci https://t.co/LegWbRlPrV
2025235061277155506	2026-02-21T16:44:00Z	"El último episodio de la serie documental ""El Prado en femenino"" está dedicado a la reina Isabel de Farnesio. La serie completa está disponible en el canal de YouTube del Museo del Prado https://t.co/p490QbSs5W https://t.co/59wFBWE4pa"
2025848399572939217	2026-02-23T09:21:11Z	"""Lugares de trabajo"". Un itinerario guiado por obras que muestran el desarrollo de diferentes labores, trabajos y oficios desde el siglo XVI hasta comienzos del XX

Todos los lunes a las 11:30 y 16:15h https://t.co/C3yFQevKfZ
#PradoEducación https://t.co/mXYmwbRGoM"
2025876770017128863	2026-02-23T11:13:55Z	"🗓 Agenda del 23 febrero al 1 de marzo en el Museo del Prado

⚠ Última semana para ver “Antonio Raphael Mengs (1728-1779)” - ¡Hasta el 1 de marzo! 🖼

◾ Exposiciones
- “Juan Muñoz. Historias de Arte”
- “Antonio Raphael Mengs (1728-1779)”
- “El Prado multiplicado. La fotografía como memoria compartida”
- “El Prado en femenino III: La reina Isabel de Farnesio (1692-1766)”
 ℹ Más info: https://t.co/j4yRKBCZJQ

◾Visitas guiadas
- Conversaciones con Andrés Úbeda, comisario de la exposición Mengs ⚠ Última semana
- Juan Muñoz. Historias de arte
➡ Todas las visitas: https://t.co/I2E1fRM9nl

◾No te pierdas…
- Proyecciones diarias del documental “El Prado en femenino: Isabel de Farnesio” https://t.co/CjTniSVyS1
- Lunes: Claves de “Juan Muñoz. Historias de arte” en la sala de conferencias https://t.co/dkwH7ancoW
- Martes: Curso online “Ilusión y persuasión. El arte del Barroco”. Para Amigos del Museo del Prado https://t.co/8JVuN8BVJ2
- Miércoles: Itinerario “Donantes medievales: retratos y símbolos” (11:30 y 16:15 h)
https://t.co/JO0RFFoFCW
- Jueves: Salas de pintura flamenca del XVII en el Museo del Prado https://t.co/KIBskuM6cC

🎟Entradas y horarios: https://t.co/sGmNmxvKUe"
2025986025659449813	2026-02-23T18:28:04Z	"""Los anuncios"". Vídeo de la conferencia impartida por la poeta y ensayista María Negroni https://t.co/KdGNg5Tr0Z 

Celebrada en enero de 2026 en el marco del ciclo enero de 2026 en el marco del ciclo de conferencias ""Poetas en el Prado VII. Introversiones"" https://t.co/Wyc8jykQzG"
2026235513481425059	2026-02-24T10:59:26Z	"Última semana para visitar la exposición ""Antonio Raphael Mengs (1728-1779)"". Una figura clave en el nacimiento del Neoclasicismo y uno de los artistas más influyentes del siglo XVIII https://t.co/egUEvccXAg

Con el patrocinio exclusivo de @FundacionBBVA https://t.co/Fq8kSPmomq"
2026291566009065564	2026-02-24T14:42:10Z	"Visita virtual gratuita a la exposición ""Paolo Veronese (1528-1588)"". Revive la experiencia de conocer a fondo la vida y la obra del maestro de la pintura veneciana https://t.co/DS8BEGLRT4 https://t.co/1F9HYuCgtn"
2026355168632254557	2026-02-24T18:54:54Z	"""Espacio y narración. La escultura como otra forma de literatura"". Vídeo de la conferencia impartida por Ángel Martínez García-Posada (Universidad de Sevilla) https://t.co/mppsLP7u4H 

Celebrada en febrero de 2026 en el marco del ciclo ""La escultura en el espacio. A propósito de Juan Muñoz"""
2026598251449688449	2026-02-25T11:00:50Z	"Esta mañana nos ha acompañado en directo desde el taller de restauración de pintura Lorena Vázquez Gasca, beca ""Desarrollo de talento"" de la Fundación @casademexicoesp, para hablarnos de este retrato pintado por Molinaretto. Podéis ver el vídeo aquí: https://t.co/zEi7tqSGaA https://t.co/05q5ombrxG"
2026637919201513924	2026-02-25T13:38:27Z	"""Juan Muñoz. Historias de Arte"". Hasta el 8 de marzo en el Museo del Prado. Con la colaboración de @MADRID https://t.co/uAfTvvPZ1N"
2026743358983401702	2026-02-25T20:37:26Z	"Itinerario expositivo ""El Prado en femenino"": Isabel de Farnesio (1692-1766) https://t.co/dCJT9RXj2F

Hasta el 24 de mayo. Colabora @instmujeres https://t.co/iMiDvXn5Vl"
2026955393407017438	2026-02-26T10:39:59Z	"""Antonio Raphael Mengs (1728-1779)"". Hasta este domingo 1 de marzo en el Museo del Prado https://t.co/7a5xYAx8C5 https://t.co/rz87JYMC8b"
2027055982140932207	2026-02-26T17:19:41Z	Convocatoria de la segunda edición 2026-27 del Programa de Gestión Integral de Museos del Museo del Prado. Solicitudes de admisión a partir del 2 de marzo https://t.co/hz26fwwu10 https://t.co/4dAq5Ohagq
2027354503301763427	2026-02-27T13:05:54Z	Último fin de semana de la exposición dedicada a Mengs en el Museo del Prado https://t.co/NNwRNT6LLW https://t.co/DfJDCDBXrV
2027358005545627658	2026-02-27T13:19:49Z	"Descubre la Roma de Mengs
https://t.co/JCm5WbL4CJ https://t.co/n3xma3nTU1"
2027367054550982935	2026-02-27T13:55:47Z	El Museo del Prado y Wikimedia España consolidan a Wikidata como el eje conector del patrimonio cultural digital https://t.co/Vr9STo99kS https://t.co/ryNeCksLhj
2027395871512449144	2026-02-27T15:50:17Z	"""Antonio Raphael Mengs (1728-1779)"". Último fin de semana https://t.co/xvYJtPPHPV"
2028416179224657990	2026-03-02T11:24:37Z	"🗓 Agenda del 2 al 8 de marzo en el Museo del Prado

⚠ Última semana para ver “Juan Muñoz. Historias de Arte” - ¡hasta el 8 de marzo! 🖼

◾ Exposiciones
- “Juan Muñoz. Historias de Arte”
- “El Prado multiplicado. La fotografía como memoria compartida”
- “El Prado en femenino III: La reina Isabel de Farnesio (1692-1766)”
- “El martirio de San Ándrés”
 ℹ Más información: https://t.co/j4yRKBCZJQ

◾Visitas guiadas
- Juan Muñoz. Historias de arte
➡ Todas las visitas: https://t.co/I2E1fRM9nl

◾No te pierdas…
- Proyecciones diarias del documental “El Prado en femenino: Isabel de Farnesio” https://t.co/CjTniSVyS1
- Lunes: Claves de “Juan Muñoz. Historias de arte” en la sala de conferencias https://t.co/dkwH7ancoW
- Martes: Curso online “Ilusión y persuasión. El arte del Barroco”. Para Amigos del Museo del Prado https://t.co/8JVuN8BVJ2
- Miércoles: Itinerario “Donantes medievales: retratos y símbolos”
https://t.co/JO0RFFoFCW
- Jueves: Salas de pintura flamenca del XVII en el Museo del Prado https://t.co/KIBskuM6cC

🎟Entradas y horarios: https://t.co/sGmNmxvKUe"
2028467716135276739	2026-03-02T14:49:25Z	"Última semana para visitar la exposición ""Juan Muñoz. Historias de Arte"". Hasta el 8 de marzo en el Museo del Prado. Con la colaboración de 
@MADRID https://t.co/h2FyDQ5yg0"
2028485046084976975	2026-03-02T15:58:17Z	Abierto el plazo de inscripción para el Programa de Gestión Integral de Museos del Museo del Prado https://t.co/hz26fwwu10 https://t.co/oS4dqjyIlL
2028786786932007106	2026-03-03T11:57:17Z	El Museo del Prado despide a Juan Muñoz este sábado con visitas nocturnas de “El Prado de noche” https://t.co/sGJj7BhJ9l https://t.co/0czGeZ3rtd
2029162541029491111	2026-03-04T12:50:24Z	"Desde el Museo del Prado lamentamos profundamente la pérdida de nuestro colaborador y enmarcador de época, Horacio Pérez-Hita Salamanca.

Su excelencia profesional, su sensibilidad artística y su calidad humana han dejado una huella imborrable en nuestra institución. Su legado permanecerá para siempre en el Museo y en la memoria de quienes tuvimos el privilegio de trabajar a su lado. Pero más allá de su talento, recordaremos siempre su cercanía, su generosidad y su inconfundible carisma.

Nuestro más sentido pésame a su familia y amigos"
2029180339256496387	2026-03-04T14:01:07Z	El Museo del Prado recorre Madrid en busca de los edificios donde vivieron María Luisa de la Riva y Fernanda Francés, artistas presentes en su colección https://t.co/zjpvy7jevO https://t.co/MXQeqW0ai1
2029499412620214775	2026-03-05T11:09:00Z	"Últimos días para visitar la exposición ""Juan Muñoz. Historias de Arte"". Hasta el domingo en el Museo del Prado. Con la colaboración de 
@MADRID https://t.co/0tS9IaoOwr https://t.co/e44o6zSmjj"
2029508811673710669	2026-03-05T11:46:21Z	"La obra ""María y Luisa, las hijas del pintor"", de Luis Paret, se exhibe ya en la sala 20 del Museo del Prado
https://t.co/cmTmLuvzko https://t.co/2lfXRKT1Dk"
2029865086458736769	2026-03-06T11:22:04Z	El Museo del Prado lanza Creadoras en el Prado, una ventana digital para visibilizar el legado de las mujeres en el arte y la cultura https://t.co/HRwblwDCAm https://t.co/G2dLZWz3Us
2029877365497626787	2026-03-06T12:10:51Z	Este sábado vuelve El Prado de Noche. Se podrá visitar de 20.30 a 23.30 h la primera planta del edificio Villanueva https://t.co/6L6xhBNtW0
2030283755483509069	2026-03-07T15:05:42Z	"El año de las tres reinas en el Museo del Prado. En 2026 rendimos homenaje a Mariana de Austria, Cristina de Suecia e Isabel de Farnesio #PradoEnFemenino
Ilustraciones y voz: Esther Peces
Con la colaboración del @InstMujeres https://t.co/LkXG6V8sIF"
2030918829484720266	2026-03-09T09:09:16Z	Programa de Gestión Integral de Museos del Museo del Prado. Abierto el plazo de inscripción para la segunda edición https://t.co/hz26fwwu10 https://t.co/1oZf8Hfbyj
2030945884918202754	2026-03-09T10:56:46Z	"Comienza el simposio ""Protagonistas femeninas en la formación de las colecciones del Museo del Prado III: Isabel de Farnesio"", con más de mil personas inscritas para seguirlo de manera presencial y a distancia https://t.co/JTmOig1nMH
#PradoenFemenino Colabora @InstMujeres https://t.co/VAzAluCVvf"
2030973492397514935	2026-03-09T12:46:28Z	"La escultura de Juan Muñoz ""Trece riéndose unos de otros"" permanecerá dos años más en el Museo del Prado https://t.co/5iWHYD5a38 https://t.co/d9IhEqENlt"
2030990232586166470	2026-03-09T13:53:00Z	El Museo del Prado agradece al Ayuntamiento de Jerez el Premio Racimo al Deporte, la Educación y la Cultura concedido al proyecto “El Prado en Femenino”. El jurado valora “el compromiso por visibilizar el papel de la mujer en el mundo del arte, ya sea como artífice, patrona y coleccionista o como sujeto de la mirada masculina”
2031316209807806470	2026-03-10T11:28:19Z	"La segunda jornada del simposio ""Protagonistas femeninas en la formación de las colecciones del Museo del Prado III: Isabel de Farnesio"" comienza con la intervención de Noelia García Pérez, directora científica de ""El Prado en femenino"" https://t.co/SmWwyPC5Yh

Colabora @InstMujeres"
2031329488085176467	2026-03-10T12:21:04Z	Nace Canal Prado, una plataforma de contenidos audiovisuales del Museo, que se estrena con “Pensar el Prado” de Alejandro Vergara https://t.co/NW7P4R1H5F https://t.co/sA4W0JlFqB
2031417513649594819	2026-03-10T18:10:51Z	"""La escultura en la ciudad. Arte y espacio público"". Vídeo de la conferencia impartida por Guiomar Martín (Universidad Politécnica de Madrid) https://t.co/qrjFyVYhW6

Celebrada en febrero de 2026 en el marco del ciclo ""La escultura en el espacio. A propósito de Juan Muñoz"" https://t.co/9wUL9lle7g"
2031641064684064807	2026-03-11T08:59:10Z	#Timelapse El color del arte en la Galería Central del Museo del Prado https://t.co/nX1KN9qmxr
2031674898637094989	2026-03-11T11:13:37Z	"El Presidente del Real Patronato del Museo del Prado, Javier Solana, ha sido galardonado con la Orden Europea del Mérito, reconocimiento del Parlamento Europeo para honrar a quienes “defienden los valores de la UE e impulsan la integración europea”.

Los trabajadores del Museo del Prado se suman a la enhorabuena generalizada a esta distinción y se precian de contar con su ayuda para hacer aún más grande el Museo del Prado.

¡Enhorabuena!"
2031678612290638089	2026-03-11T11:28:22Z	La nueva audioguía en polaco eleva a 16 los idiomas ofrecidos en la visita al Museo del Prado https://t.co/ZUzzbFmpd2 https://t.co/d15Q4Qcnhd
2031813684649980050	2026-03-11T20:25:06Z	"""Bases de color y selección de pigmentos en la pintura de Velázquez"". Vídeo de la conferencia impartida por Maite Jover de Celis (Laboratorio de Análisis del Área de Restauración del Museo del Prado) https://t.co/0AeNAuXKsd

Celebrada en febrero de 2026 durante el ciclo ""Velázquez, 'troppo vero'. Un genio trabajando"""
2032034711262876134	2026-03-12T11:03:23Z	"#PradoEducación Todos los jueves hacemos un itinerario por las salas de pintura flamenca del XVII en el Museo del Prado

Consulta horarios: https://t.co/PghjUki5lW https://t.co/KQ1SnjLm9y"
2032067884457824533	2026-03-12T13:15:12Z	"Durante el mes de marzo en el Canal Prado destacamos la nueva serie ""Pensar el Prado"", conducida por Alejandro Vergara, y el comentario de Maruja Mallo sobre ""La familia de Carlos IV"" de Goya, del programa histórico de RTVE ""Mirar un cuadro"" https://t.co/DqaBO0xgxF https://t.co/AIad137AR0"
2032395776337358875	2026-03-13T10:58:07Z	"""Felipe IV, a caballo"". El antes y el después de la restauración del retrato ecuestre de Felipe IV pintado por Velázquez hacia 1635 para el Salón de Reinos

Todo sobre la intervención: https://t.co/sNX8ZdKAjY https://t.co/1vF3FkJtKO"
2032426379837390888	2026-03-13T12:59:44Z	2026 es el año de las tres reinas en el Museo del Prado. Rendimos homenaje a Mariana de Austria, Cristina de Suecia e Isabel de Farnesio #PradoEnFemenino https://t.co/hJBDSxrNCQ
2032730449861349759	2026-03-14T09:08:00Z	El montaje de los frescos de la Capilla Herrera en Roma. Una nueva instalación en altura que permite disfrutar en el Museo del Prado de este conjunto excepcional del barroco italiano tal y como fue concebido por Annibale Carracci en 1604 https://t.co/BYaXKDQ90R https://t.co/XgDBn4cHuH
2033460203786543571	2026-03-16T09:27:47Z	"Exposición ""El Prado multiplicado. La fotografía como memoria compartida"", un elemento clave en la difusión de las colecciones del museo y en la construcción de su memoria visual desde el siglo XIX https://t.co/MOEX0H3oNT https://t.co/I4M5rbK1Cg"
2033477302500176358	2026-03-16T10:35:43Z	El Museo del Prado reduce de 30 a 20 el número máximo de integrantes por grupo de visitantes para ofrecer una mejor calidad en la visita https://t.co/ymnMbMyKmh https://t.co/XlD22Kijfc
2033530379269816642	2026-03-16T14:06:38Z	"🗓 Agenda del 16 al 22 de marzo en el Museo del Prado

◾ Exposiciones
- “El Prado multiplicado. La fotografía como memoria compartida”
- “El Prado en femenino III: La reina Isabel de Farnesio (1692-1766)”
 ℹ Más info: https://t.co/j4yRKBCZJQ

◾Visitas guiadas
-  Visitas guiadas a la colección todos los días en español y en inglés. Se solicitan en la taquilla del museo
➡Todas las visitas: https://t.co/pjmRwmTxha

◾No te pierdas…
- Martes: “Los detalles cuentan. Una propuesta de los jóvenes de ‘In medias res’” https://t.co/gI6njakYWg
- Miércoles: Ciclo “Velázquez, ‘troppo vero’. Un genio trabajando”. Conferencia de Javier Portús: “Últimos años: Retratos femeninos e infantiles, y grandes composiciones” https://t.co/HU3zSX0qwZ
- Viernes: “La sala 60. El Prado Multiplicado. La fotografía como memoria compartida” https://t.co/jg3IuEExR2
- Fin de semana: Una obra, un artista. “Amalia de Llano y Dotres, condesa de Vilches”, de Federico de Madrazo https://t.co/nGVrmzZJBZ
- Domingo: Visitas guiadas a la bóveda de Luca Giordano en el Casón del Buen Retiro https://t.co/inrWflnqFx

🎟Entradas y horarios: https://t.co/sGmNmxvKUe"
2033583571835695160	2026-03-16T17:38:00Z	"""Velazquez y la sombra de Pacheco"". Vídeo de la conferencia impartida por Ignacio Cano Rivero (Museo de Bellas Artes de Sevilla) https://t.co/kzzK8tBAS0

Celebrada en febrero de 2026 durante el ciclo ""Velázquez, 'troppo vero'. Un genio trabajando"" https://t.co/EcIvs7ycAa"
2033842641066987700	2026-03-17T10:47:27Z	Curso 2026-2027 del Programa de Gestión Integral de Museos del Museo del Prado. El plazo de inscripción está abierto hasta el 31 de marzo https://t.co/hz26fwwu10 https://t.co/lUwx7fzXmT
2033851893953306664	2026-03-17T11:24:13Z	El Museo del Prado convierte su Claustro histórico en escenario de la escultura del siglo XIX https://t.co/AKC0SGG5A2 https://t.co/oSvOMM2JMQ
2033973772126962082	2026-03-17T19:28:31Z	"""Velázquez y Rubens. Siete meses juntos en Madrid (1628-1629)"". Vídeo de la conferencia impartida por José Manuel Cruz Valdovinos https://t.co/uzCnpjt416 

Celebrada en marzo de 2026 durante el ciclo ""Velázquez, 'troppo vero'. Un genio trabajando"" https://t.co/G13XiM2jDa"
2034225643718680975	2026-03-18T12:09:22Z	"Esta tarde se celebrará en el auditorio la conferencia “Últimos años: Retratos femeninos e infantiles, y grandes composiciones”, impartida por Javier Portús 

Consulta horarios del ciclo ""Velázquez, 'troppo vero'. Un genio trabajando"" https://t.co/kWHqr0v2ws https://t.co/wcoiNlieiT"
2034540288585113674	2026-03-19T08:59:39Z	El retrato inacabado de “La reina Luisa Isabel de Orleans”, pintado por Jean Ranc en 1724. Con Noelia García Pérez, directora científica de “El Prado en femenino”, cuya tercera edición está dedicada a la reina Isabel de Farnesio https://t.co/15N5NeM2u6
2034562293170606215	2026-03-19T10:27:05Z	"Buscando a san José en un tríptico del Bosco

""La Adoración de los Magos"", de 1494

https://t.co/h3UZjhi093"
2034612215785955428	2026-03-19T13:45:28Z	“Escribir el Prado”: El Museo del Prado acoge a Leïla Slimani, Premio Goncourt, en su programa literario para autores de prestigio internacional https://t.co/o8B4QfOhBh https://t.co/MyqPgSlX1Z
2034624757623030027	2026-03-19T14:35:18Z	"#PublicacionesPrado ""Refugio"", de Olga Tokarczuk

Cuarta entrega de la colección ""Escribir el Prado"", la residencia de escritores del Museo del Prado con el patrocinio de la Fundación Loewe y en colaboración con Granta en español https://t.co/Q9yyBuI89a https://t.co/DtCGj3v1Ar"
2034939782543839331	2026-03-20T11:27:06Z	"Con motivo del Día Mundial del Síndrome de Down, que se conmemora el 21 de marzo, Belén Meléndez y Pablo Navarro, guías de la Escuela de Arte AXA para jóvenes con discapacidad intelectual, explican ""Las meninas"" en este vídeo en directo en Instagram: https://t.co/E3ONud1MrZ https://t.co/BFIU7IRPmc"
2035281510069334223	2026-03-21T10:05:00Z	"""Soneto de las flores"" de Calderón de la Barca y ""Florero"", de Jan Brueghel el Viejo #DíaMundialdelaPoesía

Inspirado en el montaje teatral “La palabra de oro” de Pedro Mari Sánchez https://t.co/vFLYoXHAcy"
2036037738370117715	2026-03-23T12:09:59Z	"🗓 Agenda del 23 al 29 de marzo en el Museo del Prado

◾ Exposiciones
- “El Prado multiplicado. La fotografía como memoria compartida”
- “El Prado en femenino III: La reina Isabel de Farnesio (1692-1766)”
ℹ Más info: https://t.co/j4yRKBCZJQ

◾Visitas guiadas
- La colección. Todos los días en español y en inglés. Se solicitan en la taquilla del museo
➡ Todas las visitas: https://t.co/pjmRwmTxha

◾No te pierdas…
- Lunes: Itinerario “Lugares de trabajo” (11:30 y 16:15h) https://t.co/qB3rCWmk5d 
- Martes: “Los detalles cuentan. Una propuesta de los jóvenes de ‘In medias res’” https://t.co/gI6njakYWg
- Miércoles: Itinerario “Donantes medievales: retratos y símbolos” (11:30 y 16:15h)
https://t.co/JO0RFFoFCW
- Jueves: Salas de pintura flamenca del XVII en el Museo del Prado (11:30 y 16:15h) https://t.co/KIBskuM6cC
- Viernes: “La sala 60. El Prado Multiplicado. La fotografía como memoria compartida” (11:30 y 16:15h) https://t.co/jg3IuEExR2
- Fin de semana: Una obra, un artista. “Amalia de Llano y Dotres, condesa de Vilches”, de Federico de Madrazo https://t.co/nGVrmzZJBZ
- Domingo: Visitas guiadas a la bóveda de Luca Giordano en el Casón del Buen Retiro https://t.co/inrWflnqFx

🎟Entradas y horarios: https://t.co/sGmNmxvKUe"
2036055602917445771	2026-03-23T13:20:58Z	“El Prado Extendido en Femenino”: El Museo del Prado llevará su programa “El Prado en femenino” a instituciones culturales de fuera de Madrid https://t.co/vMkLkyVYeG https://t.co/sI71RWJtl6
2036057767333474436	2026-03-23T13:29:34Z	El Museo del Prado organiza una jornada inmersiva para estudiantes del Programa de Excelencia para 1º de Bachillerato de Artes Plásticas https://t.co/iGou9RfSU5 #PradoEducación https://t.co/FBbIRJ6ULw
2036064856156053676	2026-03-23T13:57:44Z	"Curso ""Una asignatura pendiente: Historia del arte y mujeres"". 17 y 18 de abril. Inscripciones abiertas https://t.co/5jhRCmryLO

Colabora @InstMujeres #PradoenFemenino https://t.co/WVTUqI7jYn"
2036355180149743978	2026-03-24T09:11:23Z	"A solas con las Pinturas Negras de Goya: ""Perro semihundido"" (entre 1820 y 1823) https://t.co/XIwscrAzlb"
2036386666219446733	2026-03-24T11:16:30Z	La visita virtual del Museo del Prado incluye vistas panorámicas 360º e imágenes en altísima resolución de las obras de la colección. Estés donde estés, accede gratis aquí: https://t.co/f5tdrSS5sv #NextGenerationEU #PlandeRecuperación https://t.co/hmmmBGkFmo
2036398610598842715	2026-03-24T12:03:57Z	La exposición “La botánica en el arte. Las plantas en las colecciones del Museo del Prado” inicia su recorrido en CaixaForum Girona https://t.co/BWeog70DUI https://t.co/clw6vBY2hf
2036724186140549251	2026-03-25T09:37:41Z	"A solas con ""El Descendimiento"" de Rogier van der Weyden (antes de 1443) https://t.co/8rTugeskVS"
2036785412337709240	2026-03-25T13:40:58Z	Estudiantes de Bachillerato del Programa de Excelencia de Artes Plásticas participan en una jornada formativa en el Museo del Prado https://t.co/xGeGSwsgHQ #PradoEducación https://t.co/bhxEsk13cU
2037107886082408936	2026-03-26T11:02:22Z	Últimos días de solicitud de admisión en el Programa de Gestión Integral de Museos del Museo del Prado. Hasta el 31 de marzo https://t.co/YxNf5fBkgF https://t.co/dZ10kegvOW
2037119998129258877	2026-03-26T11:50:30Z	Cada gesto cuenta. El Museo del Prado anima a sumarse a la iniciativa mundial de “La Hora del Planeta” en colaboración con @WWF https://t.co/L9RjpQefIx https://t.co/UZ1sWZlBoy
2037450767741730818	2026-03-27T09:44:51Z	Últimos días de solicitud de admisión en el Programa de Gestión Integral de Museos del Museo del Prado. Hasta el 31 de marzo https://t.co/YxNf5fBkgF https://t.co/Z9JRSUrXut
2037453147543580814	2026-03-27T09:54:19Z	"¡Feliz día mundial del Teatro! ""Soneto de las flores"", de El príncipe constante, de Calderón de la Barca, interpretado por Pedro Mari Sánchez https://t.co/RRid4YfHRQ"
2037509511213154791	2026-03-27T13:38:17Z	El Museo del Prado presenta dos nuevas adquisiciones que redefinen el origen del Renacimiento español https://t.co/TG6mKyX9o7 https://t.co/PpaLvbOeog
2038519191976792152	2026-03-30T09:30:23Z	Así ha sido el montaje en el Museo del Prado de los frescos de la Capilla Herrera en Roma. Esta nueva instalación en altura permite disfrutar de un conjunto excepcional del barroco italiano tal y como fue concebido por Annibale Carracci https://t.co/jK9m94Y8A5
2038545812666400874	2026-03-30T11:16:10Z	El Museo del Prado lamenta el fallecimiento de D. Carlos Westendorp y Cabeza, político, diplomático y jurista, miembro de su Real Patronato desde 2020 https://t.co/FdpVK3dHhd
2038565280037634403	2026-03-30T12:33:32Z	"🗓 Agenda del 30 de marzo al 5 de abril en el Museo del Prado

◾ Exposiciones
- “El Prado multiplicado. La fotografía como memoria compartida”
- “El Prado en femenino III: La reina Isabel de Farnesio (1692-1766)”
 ℹ Más info: https://t.co/j4yRKBCZJQ

◾Visitas guiadas a la colección todos los días en español y en inglés. Se solicitan en la taquilla del museo
➡ Todas las visitas: https://t.co/pjmRwmTxha

◾No te pierdas…
- De miércoles a domingo: Taller familiar “Una casa dentro de un Museo. Semana Santa 2026”, con Pablo Serret de Ena https://t.co/lEcAnoeq3X
- Martes y jueves: “Pinceladas sonoras”. Música en la sala 51
https://t.co/llttcTCEss
- Jueves y viernes: Visita dialogada “De naturalezas y cuidados” https://t.co/HRFlr5EsGJ
- Viernes: “La sala 60. El Prado Multiplicado. La fotografía como memoria compartida” https://t.co/jg3IuEExR2
- Sábado: ""El Prado de noche"". Entrada gratuita de 20:30 a 23:30 https://t.co/phGtXURgqo
- Fin de semana: Una obra, un artista. “Apoteosis de Claudio” https://t.co/2zCsII5jKp
- Domingo: Visitas guiadas a la bóveda de Luca Giordano en el Casón del Buen Retiro https://t.co/inrWflnqFx

🎟Entradas y horarios: https://t.co/sGmNmxvKUe"
2038873135479492696	2026-03-31T08:56:50Z	"🖼Si vienes al Museo del Prado en familia, ""Fuera de ruta"" es un plano didáctico que incluye un recorrido por diez obras de la colección con propuestas para descubrir formas de viajar, caminar y mirar el arte  

ℹDisponible en los puntos de información y online https://t.co/9XP2PnoRio 

Colabora @elcorteingles #PradoEducación"
2038898771795292396	2026-03-31T10:38:42Z	"#Empleo El Museo del Prado convoca 29 plazas de Auxiliar de Servicios Generales N6 (Vigilancia en Salas), 17 de las cuales son de personal laboral fijo y 12 de personal laboral fijo-discontinuo

Más información en: https://t.co/c3DNwaSDI9 https://t.co/rqS62kkl8E"
2038905732037312641	2026-03-31T11:06:22Z	El Museo del Prado mantiene su apertura nocturna en Semana Santa este sábado 4 de abril con #ElPradodeNoche https://t.co/OQsMj7GXjH https://t.co/spMK0bgFeb
2039253033507266642	2026-04-01T10:06:25Z	En el Claustro de los Jerónimos del 20 al 24 de abril a las 20:00h con @radio3_rne. Entrada libre hasta completar aforo
2039254118053585064	2026-04-01T10:10:43Z	El año de las tres reinas en el Museo del Prado. En 2026 rendimos homenaje a las reinas Mariana de Austria, Cristina de Suecia e Isabel de Farnesio #PradoEnFemenino https://t.co/pwtOSaKjKM https://t.co/Ktj03UCvPq
2039317126498889929	2026-04-01T14:21:06Z	"Música en el Museo del Prado. ""Intimidad y éxtasis: Schumann y Liszt al piano"" el viernes 10 de abril a las 19:00. Entradas disponibles https://t.co/5bDiI1IBfI

#PradoEducación Con la colaboración del Real Conservatorio Superior de Música de Madrid https://t.co/SFjbeXVrXB"
2039320532114403822	2026-04-01T14:34:38Z	Tres detalles de moda en el retrato de Amalia de Llano y Dotres, condesa de Vilches, pintado en 1853 por Federico de Madrazo. Con Carlos G. Navarro, conservador de pintura del siglo XIX del Museo del Prado https://t.co/8C0IueFQ2q
2039346797710332404	2026-04-01T16:19:00Z	Todos los días de la semana ofrecemos visitas guiadas a la colección del Museo del Prado, con obras maestras de Tiziano, el Greco, Rubens, Velázquez o Goya. Se solicitan directamente en taquilla https://t.co/qGy8KSec0D #PradoEducación https://t.co/gQ3eBewed8
2039392347344208052	2026-04-01T19:20:00Z	"¿Sabías que existe una flor llamada tablero de damas?

La guía ""Un paseo botánico por el Prado"" pone el foco en más de 40 especies botánicas en la colección del museo de la mano del jardinero e investigador botánico Eduardo Barba https://t.co/IdpGuwdW8l https://t.co/35sHdGmyas"
2039601223045706239	2026-04-02T09:10:00Z	#PradoEducación Visitas dialogadas a la colección del Museo del Prado. Consulta fechas y horarios: https://t.co/iY02Fpp8AZ https://t.co/egUyc6Be2d
2039616574374518788	2026-04-02T10:11:00Z	"El ""Jardín de las delicias"" es la obra más compleja y enigmática del Bosco. Comentarios de Alejandro Vergara, jefe de colección de pintura flamenca y escuelas del norte en el Museo del Prado https://t.co/VsBD4YT1UB"
2039961849727508534	2026-04-03T09:03:00Z	La visita virtual del Museo del Prado incluye vistas panorámicas 360º e imágenes en altísima resolución de las obras de la colección. Estés donde estés, accede gratis aquí: https://t.co/f5tdrSS5sv #NextGenerationEU #PlandeRecuperación https://t.co/XgdCUyHilS
2040037095800971594	2026-04-03T14:02:00Z	"La pincelada de Rafael en ""El Cardenal"" (hacia 1510) https://t.co/hwxLZRZEA7"
2040327257374200190	2026-04-04T09:15:00Z	Cerca de quinientas obras conservadas hoy en el Museo del Prado y expuestas en la mitad de nuestras salas pertenecieron a Isabel de Farnesio. La marca de la reina era la flor de lis. Con Noelia García Pérez, comisaria del #PradoenFemenino https://t.co/o0MAva42fg
2040687631780954294	2026-04-05T09:07:00Z	El sillón frailero en los retratos del Museo del Prado https://t.co/00uKPq44gL https://t.co/V6a8Vn68OE
2041058575653507512	2026-04-06T09:41:00Z	"🖼""Fuera de ruta"" es un plano didáctico que incluye un recorrido por diez obras de la colección con propuestas para descubrir otras formas de viajar, caminar y mirar el arte  

ℹPlano para familias disponible en los puntos de información y online https://t.co/9XP2PnoRio 

Colabora @elcorteingles #PradoEducación"
2041060806201073881	2026-04-06T09:49:51Z	"#Empleo El Museo del Prado convoca 29 plazas de Auxiliar de Servicios Generales N6 (Vigilancia en Salas), 17 de las cuales son de personal laboral fijo y 12 de personal laboral fijo-discontinuo 

Más información en: https://t.co/9xT5FDO3ZV https://t.co/LnFsaTtzey"
2041088204556607672	2026-04-06T11:38:44Z	"🗓 Agenda del 6 al 12 de abril en el Museo del Prado

◾ Exposiciones
- “El Prado en femenino III: La reina Isabel de Farnesio (1692-1766)”
- “El martirio de San Andrés”, de Rubens
 ℹ Más información: https://t.co/j4yRKBCZJQ

◾Visitas guiadas
- La colección todos los días en español y en inglés. Solicita la visita en la taquilla del museo
➡ Todas las visitas: https://t.co/pjmRwmTxha

◾No te pierdas…
- Miércoles: Ciclo de conferencias “La música y la danza desde la pintura”
https://t.co/uZO3TCjwoR
- Jueves: Salas de pintura flamenca del XVII en el Museo del Prado https://t.co/KIBskuM6cC
- Jueves y viernes: Visita dialogada “Memorias vivas” https://t.co/f9RsKbAQdk
- Viernes: Música en el Prado. “Intimidad y éxtasis: Schumann y Liszt al piano” https://t.co/Y0cPYLYhMV
- Sábado: “Poetas en el Prado VII. Introversiones”. “El paisaje infernal”, por Victoria Cirlot https://t.co/yigtaKuBAK
- Fin de semana: Una obra, un artista. La “Apoteosis de Claudio” https://t.co/HfSpCcg3uo

🎟Entradas y horarios: https://t.co/sGmNmxvKUe"
2041107654429274481	2026-04-06T12:56:01Z	"El Museo del Prado celebra el Día del Bosco y propone nuevas formas de mirar ""El jardín de las delicias"" https://t.co/S1HvJixY2R https://t.co/vg3OlxC2l6"
2041437260797599803	2026-04-07T10:45:45Z	"El Greco, cuyo nombre era Doménikos Theotokópoulos, nació en la isla de Creta en 1541 y falleció en Toledo tal día como hoy, el 7 de abril de 1614

En dos de estas pinturas de gran tamaño pintadas en España incluyó su autorretrato: ""Pentecostés"" y ""Adoración de los pastores"" https://t.co/THi4S9Iwap"
2041468978086682948	2026-04-07T12:51:47Z	"El escritor Salman Rushdie dialogará con el conservador Alejandro Vergara sobre ""La piedra de la locura"" del Bosco y las Pinturas negras de Goya. Este jueves a las 19h  https://t.co/OD343g12qL https://t.co/4vYPckN6qt"
2041799857409536067	2026-04-08T10:46:35Z	El Museo del Prado ha sido nominado a @TheWebbyAwards, conocidos como los Óscar de Internet, por su presencia en redes sociales. Te necesitamos para conseguir el premio del público. Ayúdanos votando en: https://t.co/WQKvjQDyUt https://t.co/t4bMZnIZtD
2042147029296591036	2026-04-09T09:46:07Z	"El escritor Salman Rushdie dialogará con el conservador Alejandro Vergara sobre ""La piedra de la locura"" del Bosco y las Pinturas negras de Goya. Esta tarde a las 19h. Se podrá seguir en directo desde nuestro canal de YouTube https://t.co/EhOZHZy5lY https://t.co/YbVwF1x5d1"
2042168893758636208	2026-04-09T11:13:00Z	Hoy se presenta a los medios de comunicación la instalación sobre “La Marquesa de Santa Cruz”, de Goya, que celebra el 40 aniversario de su regreso a España https://t.co/ohYfpWIiK0
2042178364329373731	2026-04-09T11:50:38Z	"El cuadro de Goya que marcó un antes y un después en la defensa del patrimonio: ""La Marquesa de Santa Cruz"" https://t.co/8RX7A30ha8 https://t.co/Czqu6q9pbA"
2042202714432508044	2026-04-09T13:27:24Z	"El Museo del Prado conmemora el hito histórico que significó la recuperación en 1986 del retrato de ""La Marquesa de Santa Cruz"", de Goya. La obra encierra numerosos datos, episodios y curiosidades que pueden explorarse en esta infografía https://t.co/CqE6JeRWlv https://t.co/Iq2eplfe9W"
2042226668811551072	2026-04-09T15:02:35Z	¡Ayúdanos a conseguir el Premio del Público en @TheWebbyAwards! Se puede votar hasta el 16 de abril 👉 https://t.co/WQKvjQDyUt https://t.co/YmNHUbxUxH
2042507626416947418	2026-04-10T09:39:00Z	El Museo del Prado ha sido nominado por sus redes sociales a @TheWebbyAwards , conocidos como los Óscar de Internet, ¡Ayúdanos a conseguir el premio del público con tu voto!  https://t.co/WQKvjQE6K1 https://t.co/n3H5f46s7f
2042551980548108489	2026-04-10T12:35:15Z	El Museo del Prado ofrece un nuevo despliegue de sus colecciones del siglo XVIII https://t.co/ZEB5j10SJ2 https://t.co/1elwELkv5O
2042562904072032654	2026-04-10T13:18:39Z	Ayer tuvo lugar el encuentro con el escritor Salman Rushdie, que dialogó sobre las obras del Bosco y Goya, comparándolas con la situación internacional actual https://t.co/EhOZHZyDbw https://t.co/LwbkOuEMPL
2042621015860130301	2026-04-10T17:09:34Z	"Reflexiones del escritor Salman Rushdie sobre ""Las meninas"" de Velázquez, en el encuentro que tuvo lugar ayer en el Museo del Prado https://t.co/EhOZHZy5lY https://t.co/7uGG6Pw0Uh"
2042623164769853617	2026-04-10T17:18:07Z	¿Qué obra del Prado se llevaría el escritor Salman Rushdie a su casa? https://t.co/EhOZHZy5lY https://t.co/gWmYIY5xeN
2042894853516988507	2026-04-11T11:17:42Z	"El Museo del Prado ha sido nominado por sus redes sociales a 
@TheWebbyAwards , conocidos como los Óscar de Internet, ¡Ayúdanos a conseguir el premio del público con tu voto!  https://t.co/WQKvjQE6K1 https://t.co/6vNyWdlO80"
2043588026316517559	2026-04-13T09:12:08Z	"Visita virtual de la exposición ""Paolo Veronese (1528-1588)"". Entra en la visita virtual gratuita y descubre al detalle las historias que guardan las obras de Veronese con la mejor calidad de imagen https://t.co/9dyOl4kBAw https://t.co/Vp2cRXbgj8"
2043605362280906805	2026-04-13T10:21:01Z	#PradoEducación El 15 de abril comienza la VI Olimpiada de Dibujo Artístico de la Comunidad de Madrid https://t.co/AuTxp0Rl3A https://t.co/IQVkH4LfSp
2043620151841476752	2026-04-13T11:19:47Z	Presentamos a los medios “El universo del artista ante la cámara”, una nueva exposición homenaje a creadores que supieron reconocer la fotografía como un medio privilegiado para asegurar la perduración de su imagen y de su práctica artística https://t.co/qKA6vWY5DI
2043637678399181223	2026-04-13T12:29:26Z	"""El universo del artista ante la cámara"": retratos, estudios y creación artística en la segunda mitad del XIX y primeras décadas del XX en el programa ""Almacén abierto"" https://t.co/b8LMEoc5cs https://t.co/GUL0XQIr7B"
2043669554325315887	2026-04-13T14:36:05Z	"🗓 Agenda del 13 al 19 de abril en el Museo del Prado

◾ Exposiciones
- “El universo del artista ante la cámara”
- Nueva instalación: “La marquesa de Santa Cruz”, de Goya. 40 años de su regreso
- “El Prado en femenino III: La reina Isabel de Farnesio (1692-1766)”
 ℹ Más información: https://t.co/j4yRKBCZJQ

◾Visitas guiadas
- La colección todos los días en español y en inglés. Solicita la visita en la taquilla del museo
➡ Todas las visitas: https://t.co/pjmRwmTxha

◾No te pierdas…
- Lunes: Conferencia “La recuperación del cuadro de Goya, retrato de la marquesa de Santa Cruz”, con Miguel Satrústegui Gil-Delgado https://t.co/oXL9iDrNF4
- Miércoles: VI Olimpiada de Dibujo Artístico de la Comunidad de Madrid https://t.co/Or5J3hBU7D
- Jueves y viernes: Visita dialogada “Nunca fuimos niñas” https://t.co/xJPX0d3MOj
- Viernes y sábado: Curso “Una asignatura pendiente: Historia del arte y mujeres” https://t.co/w1cLPAKKlP
- Fin de semana: Una obra, un artista. La “Apoteosis de Claudio” https://t.co/HfSpCcg3uo

🎟Entradas y horarios: https://t.co/sGmNmxvKUe"
2043702499765293149	2026-04-13T16:47:00Z	Tras su paso por Tornavacas, “Poder esencial” continúa su itinerancia por el Valle del Jerte: arte, territorio y mirada ecofeminista desde lo rural https://t.co/kzaEIsKzcC #PradoEducación https://t.co/1LHijrmRAq
2043704556119351649	2026-04-13T16:55:11Z	"#PradoEducación Este jueves comienza el encuentro ""Deslizar abierto 2026. Sobre arte y escuela"" en el auditorio del Museo del Prado con la participación de @olgadedios y Vito Gil Delgado

Asistencia gratuita previa inscripción https://t.co/fpCXiIadW3

Colabora @explora_art con el apoyo de  @ComunidadMadrid"
2043951885204304012	2026-04-14T09:17:58Z	"La recuperación de ""La marquesa de Santa Cruz"", de Goya. Vídeo de la conferencia impartida por Miguel Satrústegui Gil-Delgado https://t.co/j9Nkn9HL8b

Celebrada el 13 de abril con motivo del 40 aniversario del regreso a España en 1986 del retrato de Joaquina Téllez-Girón y Pimentel"
2043997440957649350	2026-04-14T12:19:00Z	"El Museo del Prado ha sido nominado por sus redes sociales a 
@TheWebbyAwards , conocidos como los Óscar de Internet, ¡Ayúdanos a conseguir el premio del público con tu voto https://t.co/WQKvjQDyUt https://t.co/rzohUHOYSC"
2044095981499670790	2026-04-14T18:50:34Z	“El universo del artista ante la cámara”. Una nueva exposición que explora cómo la llegada de la fotografía en el siglo XIX transformó la manera de representar, documentar y proyectar la identidad artística y sus espacios de creación https://t.co/SFuIy6JEDf https://t.co/Ct9nMmNSO5
2044337064523493486	2026-04-15T10:48:32Z	"#PradoEducación Este jueves comienza el encuentro ""#Deslizar abierto 2026. Sobre arte y escuela"" en el auditorio del Museo del Prado con la participación de @olgadedios y Vito Gil Delgado  Asistencia gratuita previa inscripción: https://t.co/fpCXiIadW3

Colabora @explora_art con el apoyo de @ComunidadMadrid"
2044338795563123012	2026-04-15T10:55:25Z	"""Il Prado commemora il dipinto di Goya esportato illegalmente"" https://t.co/uAC6bmfSgV vía @giornaledellArt"
2044368235202539738	2026-04-15T12:52:24Z	¡Feliz Día Mundial del Arte! https://t.co/0iNzAkx40x
2044697698142425350	2026-04-16T10:41:34Z	"""El Prado en femenino"": Isabel de Farnesio (1692-1766). Busca la marca de la flor de lis en las cerca de 500 obras de la colección de esta reina que hoy forman parte de la colección del Museo del Prado https://t.co/pwtOSaKjKM https://t.co/LG9D8KYG5F"
2044724804834513371	2026-04-16T12:29:17Z	El Museo Nacional del Prado acoge #Cultura26 de @radio3_rne del 20 al 24 de abril, entre las 20.00h y las 21.00h https://t.co/O25BbLvyGg https://t.co/Q6aGdqCX5g
2044726413249347711	2026-04-16T12:35:40Z	"#Cultura26 IX edición del ciclo de debates en torno a la cultura contemporánea de @radio3_rne desde el Claustro de los Jerónimos del Museo del Prado

Entrada libre hasta completar aforo https://t.co/a24D1s8OPQ"
2044738190766919906	2026-04-16T13:22:28Z	"Tal día como hoy en 1828 fallecía el pintor Francisco de Goya en Burdeos. El Museo del Prado conserva la mayor colección de sus obras, además de todo el repertorio de referencias impresas que se publicaron sobre Goya en vida

Goya en el Prado: https://t.co/GQzIS4gSDw https://t.co/IT3QW8ADgX"
2045037035140899092	2026-04-17T09:09:58Z	"A las 9:30 comenzará la segunda edición del curso “Una asignatura pendiente: Historia del arte y mujeres”, dirigido por Ana Moreno Rebordinos (Museo del Prado) y Noelia García Pérez (Universidad de Murcia)

🔴Sigue las ponencias en directo en nuestro canal de YouTube https://t.co/zAxqXcmeEf 

Colabora @InstMujeres"
2045098152613564487	2026-04-17T13:12:50Z	Continúa el curso “Una asignatura pendiente: Historia del arte y mujeres” con la intervención de Ana María Sixto Barcia (Universidad de León), titulada “Mujeres y cultura en la Edad Moderna”. Programa completo: https://t.co/spy4qCm5EE #PradoEducación https://t.co/EnrF6yVi29
2045422537383796904	2026-04-18T10:41:49Z	"Sigue en directo la segunda edición del curso “Una asignatura pendiente: Historia del arte y mujeres” https://t.co/q7cLiXfXcC 

#PradoEducación
Con el apoyo de @InstMujeres https://t.co/kZXjRwSkMN"
2046174734706938032	2026-04-20T12:30:47Z	"Desde cualquier lugar del mundo puedes pasear por el Museo del Prado y detenerte en los detalles de obras como ""El jardín de las delicias"" del Bosco en alta calidad a través de la visita virtual https://t.co/f5tdrSRxCX #NextGenerationEU #PlandeRecuperación https://t.co/fN2vfCOUgl"
2046196743365099913	2026-04-20T13:58:14Z	"Celebramos la Semana del Libro con la promoción LIBROS3: hasta el domingo 26 de abril, gastos de envío gratis a España peninsular y Baleares con la compra de 3 o más libros en https://t.co/IS1zgMVZbT

Además todas las publicaciones tienen un 5% de descuento en web esta semana📚 https://t.co/gYLt2G3rHS"
2046200445874434205	2026-04-20T14:12:57Z	"🗓 Agenda del 20 al 26 de abril en el Museo del Prado

◾ Exposiciones
- “El universo del artista ante la cámara”
- “El Prado en femenino III: La reina Isabel de Farnesio (1692-1766)”
- “La botánica en el arte” en CaixaForum Girona
 ℹ Más información: https://t.co/j4yRKBCZJQ

◾Visitas guiadas
- La colección todos los días en español y en inglés. Pídela en la taquilla del museo
➡ Todas las visitas: https://t.co/pjmRwmTxha

◾No te pierdas…
- Nueva instalación: “La marquesa de Santa Cruz”, de Goya. 40 años de su regreso https://t.co/Bt2ZwyqNyw
- De lunes a viernes: Cultura26, debates sobre cultura y creatividad con @radio3_rne en el Claustro de los Jerónimos https://t.co/z4j6zDJuwe
- Martes y sábado: Conferencias “Nuevas técnicas para el conocimiento y la conservación de las obras de arte” https://t.co/SfkYRgt5mN
- Miércoles: Itinerario “Donantes medievales. La pervivencia de la memoria” https://t.co/buFpUCjFyl
- Jueves y viernes: Visita dialogada “Nuevas masculinidades” https://t.co/N6IqArfRTM
- Fin de semana: Una obra, un artista. La “Apoteosis de Claudio” https://t.co/HfSpCcg3uo

🎟Entradas y horarios: https://t.co/sGmNmxvKUe"
2046509549046153228	2026-04-21T10:41:13Z	"Esta semana se celebran dos de las conferencias del ciclo ""Nuevas técnicas para el conocimiento y la conservación de las obras de arte""

Consulta horarios: https://t.co/Vb0IkXz0Fc https://t.co/IMwBSD7LH1"
2046534911637569874	2026-04-21T12:22:00Z	"El Museo del Prado conmemora el hito histórico que significó la recuperación en 1986 del retrato de ""La marquesa de Santa Cruz"" de Goya, una pintura que encierra numerosos datos, episodios y curiosidades que pueden explorarse en esta infografía https://t.co/CqE6JeRWlv https://t.co/n3beJMZUOv"
2046597390082126094	2026-04-21T16:30:16Z	"¿Quién ostenta el poder en el cuadro ""La familia de Felipe V"" de Van Loo?

Con Noelia García Pérez, directora de ""El Prado en femenino"", cuya tercera edición está dedicada a la reina Isabel de Farnesio https://t.co/pwtOSaKjKM https://t.co/LE7B5GG5FX"
2046844610446520732	2026-04-22T08:52:38Z	#TalDíaComoHoy El 22 de abril de 1451 nacía Isabel I de Castilla. Este pequeño retrato anónimo fechado hacia 1490 en el que la reina tendría unos 39 años contrasta con la gran pintura de historia del siglo XIX en la que Eduardo Rosales recreó el momento en el que Isabel la Católica dictaba su testamento antes de morir en 1504
2046879095170994251	2026-04-22T11:09:40Z	El Museo del Prado ha sido galardonado con el premio del jurado y el del público en @TheWebbyAwards por su presencia en redes sociales. ¡Muchas gracias por hacerlo posible! https://t.co/hHeCod8I4m https://t.co/o44E9vIM8P
2047213023174033701	2026-04-23T09:16:34Z	¡Feliz Día del Libro! Entra en la Biblioteca Digital del Museo del Prado, una puerta de acceso al fondo antiguo especializado en literatura artística con 6.000 manuscritos y libros publicados entre finales del siglo XV y principios del siglo XX https://t.co/S4PhcNLYd1 https://t.co/L1KBL3vEPR
2047241472345346096	2026-04-23T11:09:37Z	"Para celebrar el Día del Libro, durante este 23 de abril todas las publicaciones tienen un 10% de descuento en https://t.co/Iw3ZrEcnqY

Podéis buscar vuestro libro favorito entre la guía del museo y los catálogos de Veronese, la exposición sobre la Virgen de Guadalupe, ""Otro Renacimiento"" o ""Metapintura"", entre muchos otros"
2047263655046127864	2026-04-23T12:37:46Z	"""Lucha de san Jorge y el dragón"", de Rubens (entre 1606 y 1608) #DíadelLibro #SantJordi https://t.co/0AFQg7Dh0n"
2047587868592206245	2026-04-24T10:06:04Z	El Prado viaja a Roma para reivindicar sus raíces italianas  https://t.co/bAiHHHefyt a través de @el_pais
2047591454692802800	2026-04-24T10:20:19Z	El Museo del Prado exhibirá la influencia italiana en el gótico español en una gran muestra       https://t.co/IEt93kGxJv a través de @ABC_Cultura
2047640088230736169	2026-04-24T13:33:35Z	El Museo del Prado recibe el Premio Plena Inclusión Madrid 2026 por su labor en materia de accesibilidad cognitiva https://t.co/FJBrEynB1q https://t.co/Jk9SFEwbX4
2047646758218379626	2026-04-24T14:00:05Z	El Museo del Prado abre la convocatoria de su Escuela de Verano 2026, una experiencia formativa única para futuros profesionales de los museos, que cuenta con la colaboración de @FBSabadell https://t.co/wfuRrmPj1E https://t.co/3QFlyzEllZ
2048689490575683791	2026-04-27T11:03:32Z	Esta mañana se presenta a los medios de comunicación la exposición “El cuadro del hambre”, que se puede visitar en la sala 66 del #MuseodelPrado https://t.co/vl22Dzash1
2048703345678864446	2026-04-27T11:58:35Z	"""El año del hambre en Madrid"" de José Aparicio fue el cuadro más popular y apreciado por Fernando VII. En el nuevo formato expositivo ""Una obra, una historia"" reconstruimos su ubicación original en el Prado en 1819 https://t.co/z1Ikepqsfm https://t.co/MNzkvrpBKd"
2048720336095416636	2026-04-27T13:06:06Z	"🗓 Agenda del 27 de abril al 3 de mayo en el Museo del Prado

◾ Exposiciones
- Una obra, una historia: El cuadro del hambre. “El año del hambre en Madrid” (1818), de José Aparicio
- “El universo del artista ante la cámara”
- “El Prado en femenino III: La reina Isabel de Farnesio (1692-1766)”
 ℹ Más información: https://t.co/j4yRKBCZJQ

◾Visitas guiadas
- La colección todos los días en español y en inglés. Solicita la visita en la taquilla del museo
➡ Todas las visitas: https://t.co/pjmRwmTxha

◾No te pierdas…
- Lunes: Conferencia “Rubens y la pintura española: A propósito del Martirio de san Andrés”, con Javier Portús https://t.co/OUv6g31BFI
- Martes: Curso “Comparaciones incomparables”, para Amigos del Museo del Prado https://t.co/my3xW2RCzH
- Miércoles 16h: Conferencia “Sade y Goya: Imaginación soberana e imaginación crítica”, con Georges Didi-Huberman. Se emitirá en streaming https://t.co/n6vuan9lXP
- Miércoles 18:30h: Conferencia “Nuevas tecnologías aplicadas a la conservación de paneles de pintura”, con José de la Fuente https://t.co/SfkYRgt5mN
- Jueves: Visita dialogada “Equilibrios sensibles” https://t.co/rJGpLDq06O
- Jueves: “Incorpora. Paseo y conversación en torno al cuerpo” https://t.co/lObPudlqk5
- Fin de semana: Una obra, un artista. Retratos virreinales peruanos de “Doña Joaquina Nimpha de Carvajal y Vargas, condesa del Puerto, y su esposo, don Fermín Francisco de Carvajal-Vargas y Sotomayor y Alarcón” https://t.co/vcBqHnkeZV

🎟Entradas y horarios: https://t.co/sGmNmxvKUe"
2048849472445161922	2026-04-27T21:39:14Z	"Así ha sido el montaje en el Museo del Prado de ""El cuadro del hambre"", una gran pintura que forma parte del programa #PradoExtendido, depositada en el Museo de Historia de Madrid desde 1927. En ""Una obra, una historia"" os invitamos a conocer su polarizada fortuna crítica https://t.co/kouUo2WgUt"
2049021546367205491	2026-04-28T09:03:00Z	"La infanta Margarita de Austria diez años después de ""Las meninas"" (1656) https://t.co/MTUO89fC4A"
2049043375710687472	2026-04-28T10:29:44Z	"Hace un año en la sala de ""Las meninas"" en el Museo del Prado.
El apagón del 28 de abril de 2025. https://t.co/gHqhTp9VW8"
2049053680825937978	2026-04-28T11:10:41Z	"Aclamada y odiada, aupada por el arte oficial del siglo XIX, difundida por la prensa y popularizada en obras literarias o musicales, ""El año del hambre en Madrid"" alcanzó una condición pop antes de que se acuñase el término, durante el reinado de Fernando VII https://t.co/Bsa4xjAuzh"
2049186661330764049	2026-04-28T19:59:06Z	El Museo del Prado celebra el 2 de mayo con la visita nocturna de “El Prado de noche” https://t.co/wby3VXZ7TZ https://t.co/ODnE9aVlez
2049426128180289556	2026-04-29T11:50:40Z	"""El año del hambre en Madrid"", de José Aparicio (1818). Una alegoría histórica de estética neoclásica sobre la dramática situación que soportó la Villa de Madrid durante la ocupación napoleónica en los años 1811 y 1812

Hasta el 13 de septiembre https://t.co/AyCdlqyGjK https://t.co/tX9IQ7PfiT"
2049465639098597765	2026-04-29T14:27:40Z	Hace 204 años, el 29 de abril de 1822, nacía Amalia de Llano y Dotres, la condesa de Vilches, amante de la música y la literatura. Federico de Madrazo, buen amigo de Amalia, le cobró la mitad de su tarifa habitual por este retrato en el que lleva el color azul de moda en 1853 https://t.co/vwdgifcpYK
2049775131916984591	2026-04-30T10:57:29Z	"La Premio Goncourt Leïla Slimani toma la palabra en el Prado https://t.co/0XObXODr1D

✍""Escribir el Prado"". El 5 de mayo a las 18:30h. Con el patrocinio de Fundación Loewe y en colaboración con Granta en español https://t.co/R9XJWA1ste"
2050590958295625892	2026-05-02T16:59:17Z	“El 2 y el 3 de mayo de 1808 en Madrid”, de Goya https://t.co/CCZebDjm28
2051235240392220799	2026-05-04T11:39:26Z	"🗓 Agenda del 4 al 10 de mayo en el Museo del Prado

◾ Exposiciones
- Una obra, una historia: El cuadro del hambre. “El año del hambre en Madrid” (1818), de José Aparicio
- “El universo del artista ante la cámara”
- 40 años de la recuperación de “La marquesa de Santa Cruz”, de Goya
- “El Prado en femenino III: La reina Isabel de Farnesio (1692-1766)”
 ℹ Más información: https://t.co/j4yRKBCZJQ

◾Visitas guiadas
- La colección todos los días en español y en inglés. Solicita la visita en la taquilla del museo
➡ Todas las visitas: https://t.co/pjmRwmTxha

◾No te pierdas…
- Lunes: Itinerario “Lugares de trabajo” https://t.co/qB3rCWmk5d
- Martes: Conversación con la escritora Leïla Slimani: “Ese sencillo misterio: contar historias” https://t.co/SmROJ23ZWp
https://t.co/n6vuan9lXP
- Miércoles: Conferencia “Nuevas tecnologías aplicadas a la conservación de paneles de pintura”, con Sonia Tortajada https://t.co/SfkYRgt5mN
- Jueves: Coloquio a propósito de “El cuadro del hambre”: “El hambre de la crítica”, moderado por Rubén Amón https://t.co/CbJYeDo8sT
- Jueves y viernes: Visita dialogada “Equilibrios sensibles” https://t.co/rJGpLDq06O
- Fin de semana: Una obra, un artista. Retratos virreinales peruanos de “Doña Joaquina Nimpha de Carvajal y Vargas, condesa del Puerto, y su esposo, don Fermín Francisco de Carvajal-Vargas y Sotomayor y Alarcón” https://t.co/vcBqHnkeZV

🎟Entradas y horarios: https://t.co/sGmNmxvKUe"
2051545116981010442	2026-05-05T08:10:46Z	Leila Slimani, escritora: “La gente vive obsesionada con tener razón” https://t.co/4lOozmwHZI vía @el_pais
2051562256467394618	2026-05-05T09:18:52Z	"#Coloquio ""El hambre de la crítica"", el 7 de mayo a las 18.30h, con los periodistas @Ruben_Amon, @gascondaniel, @imartinrodrigo y @caleroje, con motivo de la exposición ""El año del hambre en Madrid"" https://t.co/jadf4z55BR https://t.co/hl0z73YdLu"
2051593898129010710	2026-05-05T11:24:36Z	"La escritora Leïla Slimani conversará esta tarde a las 18.30h en el auditorio del museo sobre “Ese sencillo misterio: contar historias”.
Esta actividad forma parte del programa ""Escribir el Prado"", patrocinado por Fundación Loewe y con la colaboración de Granta en español https://t.co/X4TQ4VqtCW"
2051605910640849232	2026-05-05T12:12:20Z	"Ya está disponible un nuevo vídeo de ""Pensar el Prado"". El escritor Salman Rushdie y el conservador Alejandro Vergara conversan sobre ""La penúltima hora"", sobre literatura y pintura y sobre la vida en general https://t.co/sg0e0NKVXh https://t.co/D5go68abWO"
2051632155634131455	2026-05-05T13:56:38Z	"""Ese sencillo misterio: contar historias"" será el título de la conversación entre la escritora Leïla Slimani y la editora Valerie Miles. Esta tarde a las 18:30 en el auditorio https://t.co/SmROJ23ZWp

""Escribir el Prado"". Patrocinado por Fundación Loewe y con la colaboración de Granta en español"
2051918618661667237	2026-05-06T08:54:56Z	"Así ha sido el montaje de la pintura de grandes dimensiones ""El cuadro del hambre"". En ""Una obra, una historia"" os invitamos a conocer su polarizada fortuna crítica desde que se expuso por primera vez en el Museo del Prado en 1819 https://t.co/AyCdlqyGjK https://t.co/kmaDbl9Bta"
2052067925352190430	2026-05-06T18:48:13Z	"En estos momentos se celebra la conferencia “La tecnología láser y la restauración de la escultura ‘Venus y Cupido’ de Bandini”, con Sonia Tortajada (restauradora de escultura en el Museo del Prado) 

Más información sobre este ciclo: https://t.co/wv07aSRqTt https://t.co/TGnyXgmEUD"
2052080030184808947	2026-05-06T19:36:19Z	"Visita virtual de la exposición ""Paolo Veronese (1528-1588)"". Entra gratuitamente desde cualquier lugar del mundo y descubre al detalle las historias que guardan las obras con la mejor calidad de imagen https://t.co/RR8j8uLpoO https://t.co/XeVjZcI9W5"
2052324744318366033	2026-05-07T11:48:44Z	"Canal Prado: Nuevo vídeo de la serie ""Pensar el Prado"" con el conservador Alejandro Vergara y el escritor Salman Rushdie, cuyo libro ""La penúltima hora"" incluye un relato en el que dos de sus protagonistas son Goya y el Bosco https://t.co/lFMis8tOwW https://t.co/pAqtIbI1hd"
2052325277665984532	2026-05-07T11:50:51Z	#TalDíaComoHoy en 1922 nacía el actor Tony Leblanc... ¿en el Museo del Prado? https://t.co/H79RFMvPE7
2052335086872244299	2026-05-07T12:29:49Z	"#Coloquio ""El hambre de la crítica"", esta tarde a las 18.30h, con los periodistas @Ruben_Amon, @gascondaniel,
@imartinrodrigo y @caleroje, con motivo de la exposición ""El año del hambre en Madrid"" https://t.co/jadf4z55BR https://t.co/PdMG3AAOqm"
2052642826001748088	2026-05-08T08:52:40Z	"""El año del hambre en Madrid"" de José Aparicio fue una de las 311 pinturas que se colgaron en el Museo del Prado cuando abrió sus puertas por primera vez en 1819. En ""Una obra, una historia"" reconstruimos su ubicación original https://t.co/M4qONjs2AN https://t.co/SVn7xgvETK"
2052677508512821489	2026-05-08T11:10:29Z	Presentamos a los medios “La visita de Italia”, la obra de Pontormo “La Visitación”, procedente de Carmignano, que llega al Museo del Prado como obra invitada https://t.co/iwjR9aGtLX
2052684517870071848	2026-05-08T11:38:20Z	Está abierta la convocatoria de la Escuela de Verano 2026, una experiencia formativa gratuita para futuros profesionales de los museos, que cuenta con la colaboración de @FBSabadell https://t.co/CJyFVtc6wQ https://t.co/zYPuZuowKA
2052686856664252426	2026-05-08T11:47:38Z	"""La visita de Italia"": El Museo del Prado expone ""La Visitación"" de Pontormo, una de las obras más enigmáticas y complejas del primer manierismo italiano https://t.co/Dr6K0c69jY https://t.co/2tUASJnZH1"
2053051252108341341	2026-05-09T11:55:37Z	"Recursos accesibles para la visita al Museo del Prado: libros tacto-visuales de “Las meninas”, “La Anunciación”, el retrato de Isabel de Valois y las pinturas murales de san Baudelio https://t.co/4s6G1Z7ecd

#PradoEducación con la colaboración de @ONCE_oficial https://t.co/VKfY19hKIT"
2053763550837961084	2026-05-11T11:06:02Z	Esta mañana se presenta a los medios de comunicación la restauración de la obra “Pablo de Valladolid”, de Velázquez. Labor que cuenta con el patrocinio de @FundIberdrolaES https://t.co/hjg3f7t6AA
2053783506304553408	2026-05-11T12:25:20Z	"La restauración de ""Pablo de Valladolid"" revela nuevos datos sobre el proceso creativo de Velázquez https://t.co/dMs49rT3yU https://t.co/52DuJ4CmY0"
2053821330710036617	2026-05-11T14:55:38Z	🐴¿Nos ayudas a elegir los diseños de las nuevas entradas del Museo del Prado? Escogeremos las 8 propuestas más valoradas de las 12 disponibles. Puedes votar por tus caballos favoritos del Prado hasta el domingo en este enlace: https://t.co/UshLaJCFWA #EntraalPrado https://t.co/0Aod6S6oYV
2054097234182955074	2026-05-12T09:11:58Z	"Este boceto de Murillo para el cuadro ""Santa Ana dando una lección a la Virgen"", que había sido sustraído en el siglo XIX y estaba en el Museo de Pau (Francia), ha vuelto al Prado gracias a la colaboración de las autoridades culturales de ambos países https://t.co/gx1g56cBul https://t.co/9UoT9noAjI"
2054097518716137745	2026-05-12T09:13:06Z	"Forma parte del itinerario ""El Prado en femenino III"", dedicado a la figura de la reina Isabel de Farnesio https://t.co/pwtOSaKjKM"
2054230845293011202	2026-05-12T18:02:53Z	¡Gracias a @EMTmadrid por contar con el Museo del Prado en esta iniciativa por el Día de los Museos!
2054447842404503922	2026-05-13T08:25:10Z	"A solas con ""El Descendimiento"" de Rogier van der Weyden (antes de 1443) https://t.co/kwNeyhwRIn"
2054485515051659331	2026-05-13T10:54:51Z	🐴Elige tus caballos favoritos del Museo del Prado para el diseño de las nuevas entradas del museo. Puedes votar hasta el domingo: https://t.co/UshLaJCFWA #EntraalPrado https://t.co/jqUGx7JtJG
2054555362229891224	2026-05-13T15:32:24Z	Los directores del Prado y del Reina Sofía conversarán sobre cuál es el papel de los museos en la sociedad actual con motivo del Día Internacional de los Museos https://t.co/wqPoQQbzQu https://t.co/zow0MBE1En
2054860738573811917	2026-05-14T11:45:52Z	"""La Visitación"" de Pontormo, una fascinante tabla manierista procedente de Carmignano (Prato), que puede verse en el Museo del Prado hasta el 18 de junio dentro del programa ""La obra invitada"" https://t.co/rtaqJuVuLJ https://t.co/hEnGG46ML9"
2054864947130040595	2026-05-14T12:02:35Z	El Museo del Prado celebra el Día Internacional de los Museos con una jornada de puertas abiertas y nuevas iniciativas de participación del público https://t.co/Axn6uRbrIF https://t.co/a0Nnj9g616
2054956037430485098	2026-05-14T18:04:33Z	"Próximamente: ""A la manera de Italia. España y el gótico mediterráneo (1320-1420)"". La restauración de los apóstoles Simón y Mateo, de la catedral de Toledo https://t.co/lmjPyNYLGk"
2055226516800155953	2026-05-15T11:59:20Z	Los caballos de san Jorge y el duque de Lerma de Rubens, del de Cristina de Suecia de Bourdon, el caballo de Felipe IV de Velázquez o el Gran Capitán de Madrazo. ¿Cuál es tu favorito? Elige 8 de estos 12 diseños para las entradas del museo https://t.co/ZzgSPz8BbQ #EntraalPrado https://t.co/yVG9OTikVh
2055228378307801416	2026-05-15T12:06:44Z	https://t.co/IHD2fQQ0rS #MemoriaAudiovisual: “La pradera de San Isidro”, 1976.  Reportaje de RTVE sobre los majos y majas madrileños, retratados en los cartones para tapices de Goya
2055304724421767225	2026-05-15T17:10:06Z	"Obra comentada: ""La pradera de San Isidro"", de Goya (1788). Con Enrique Quintana, coordinador de los talleres de restauración del Museo del Prado https://t.co/2Lmew5BvSu"
2056295471832805437	2026-05-18T10:46:59Z	"El Museo del Prado y el Museo Reina Sofía, unidos bajo el lema ""Museos uniendo un mundo dividido"" en el Día Internacional de los Museos

Podéis ver el vídeo en directo con Miguel Falomir y Manuel Segade, directores de ambas instituciones públicas, en este enlace: https://t.co/Bs8H7V7y7B #DIM2026"
2056320039221932387	2026-05-18T12:24:36Z	Hoy, 18 de mayo, con motivo del Día Internacional de los Museos la entrada al Museo del Prado es gratuita durante toda la jornada https://t.co/Axn6uRbrIF #DIM2026 https://t.co/6XsooLtoD8
2056332383494836513	2026-05-18T13:13:39Z	Los directores del Prado y del Reina Sofía se reúnen por el Día de los Museos reivindicando el arte como puente en un mundo dividido https://t.co/jsluOa5YRK https://t.co/DOlaeiXU4s
2056345798607036552	2026-05-18T14:06:58Z	En el Día Internacional de los Museos la guitarrista iraní Puneh Farhani interpreta en la Sala de las Musas un fragmento de “Aquel Aire”, un tema original que nace de sus primeros recuerdos en Lebrija #DIM2026 https://t.co/t2oAJo4sas
2056451771589886370	2026-05-18T21:08:04Z	La exposición didáctica “El Prado en las calles” continúa su recorrido en Lorca, Murcia https://t.co/H2JS4DUU3o https://t.co/3gOqbuACKw
2056715826795798978	2026-05-19T14:37:19Z	El Museo del Prado aterriza en México para conocer a su comunidad digital https://t.co/pOkVGZEc8I vía @lajornadaonline
2056718781766918472	2026-05-19T14:49:04Z	#Empleo El Museo del Prado convoca una plaza de Jefe de Servicio N1 (Instalaciones) por Nuevo Ingreso. Bases de la convocatoria en https://t.co/k9fL7waNov https://t.co/FNsUzh6eF3
2056819496451469797	2026-05-19T21:29:16Z	"""El peor cuadro del Museo del Prado"". Vídeo de la conferencia impartida por Celia Guilarte (Museo del Prado) https://t.co/LXxK0qh3rc

Celebrada en mayo de 2026 en el marco del ciclo de conferencias ""Una obra, una historia: El cuadro del hambre"" https://t.co/retsXy836U"
2057063252178141612	2026-05-20T13:37:52Z	"#EntraalPrado Del Velázquez ecuestre al ""Gran Capitán"" de Madrazo: el público a elige el diseño de las nuevas entradas del Museo del Prado https://t.co/TjPV2JCh8B https://t.co/0KU8D0mRjP"
2057079417923420597	2026-05-20T14:42:06Z	El Museo del Prado se reúne en Ciudad de México con su comunidad digital, la segunda más numerosa después de la española https://t.co/mITIoJMHNa https://t.co/U7OPhyFs2j
2057377791360778724	2026-05-21T10:27:44Z	"""A la manera de Italia. España y el gótico mediterráneo (1320-1420)"". A partir del 26 de mayo en el Museo del Prado

🎟Reserva tus entradas: https://t.co/s9iLV1avod https://t.co/9nevtCKxfS"
2057406189219049513	2026-05-21T12:20:34Z	"El 21 de mayo de 1471 nacía en Núremberg el pintor y grabador Alberto Durero, hijo de un orfebre húngaro. Durero fue el artista más influyente del Renacimiento alemán

Tenía 27 años cuando pintó este autorretrato que sigue un modelo flamenco al que añadió la monumentalidad italiana y su gran dominio de la psicología"
2057415215256412657	2026-05-21T12:56:26Z	El Museo del Prado abrirá sus puertas el sábado por la noche de forma gratuita con motivo de la “Noche Europea de los Museos” este 23 de mayo https://t.co/fNBs18MhUM https://t.co/OvPs9PxxtV
2057752824843272478	2026-05-22T11:17:59Z	"Presentamos a los medios de comunicación ""A la manera de Italia. España y el gótico mediterráneo (1320-1420)"", una ambiciosa exposición que cuenta con el patrocinio exclusivo de la @FundacionBBVA https://t.co/eKwTnv2B7U"
2057767138773946684	2026-05-22T12:14:52Z	"En este vídeo podéis recuperar la presentación de ""A la manera de Italia. España y el gótico mediterráneo (1320-1420)"" a cargo de su comisario, Joan Molina Figueras https://t.co/jwb2kY7FiW"
2057774475509199237	2026-05-22T12:44:01Z	El Museo del Prado presenta “A la manera de Italia. España y el gótico mediterráneo (1320-1420)”, que revela el impacto italiano en el gótico español antes del Renacimiento https://t.co/P9uhrSd9KK https://t.co/CM9ekufxr6
2057778197861638560	2026-05-22T12:58:48Z	"¿Quién dijo que la Edad Media era oscura?

""A la manera de Italia. España y el gótico mediterráneo (1320-1420)"". Del 26 de mayo al 20 de septiembre de 2026 en el Museo del Prado

Con el patrocinio exclusivo de la @fundacionBBVA https://t.co/VlNE0OWpQD"
2058110007296549251	2026-05-23T10:57:18Z	“El Prado en femenino III. La reina Isabel de Farnesio (1692-1766)”. Último fin de semana para visitar este itinerario expositivo https://t.co/u9jS6JsvYb
2058138124572590105	2026-05-23T12:49:01Z	A la caza de la flor de lis, la marca de la colección de Isabel de Farnesio. Con Noelia García Pérez, directora científica de “El Prado en femenino” https://t.co/c1ejpbpNlM
2058792714712257012	2026-05-25T08:10:08Z	"""La Visitación"" de Pontormo, una fascinante tabla manierista procedente de Carmignano (Prato), que puede verse en el Museo del Prado hasta el 18 de junio dentro del programa ""La obra invitada"" https://t.co/rtaqJuVuLJ https://t.co/m2brOZGvhY"
2058859831088357398	2026-05-25T12:36:50Z	"🗓 Agenda del 25 al 31 de mayo en el Museo del Prado

◾ Exposiciones
- “A la manera de Italia. España y el gótico mediterráneo (1320-1420)”
- La obra invitada: “La Visitación” de Jacopo Pontormo
- “El universo del artista ante la cámara”
- Una obra, una historia: “El cuadro del hambre”
 ℹ Más información: https://t.co/j4yRKBCZJQ

◾Visitas guiadas
- La colección todos los días en español y en inglés. Solicita la visita en la taquilla del museo
➡ Todas las visitas: https://t.co/pjmRwmTxha

◾No te pierdas…
- Instalación: “La marquesa de Santa Cruz”, de Goya. 40 años de su regreso https://t.co/Bt2ZwyqNyw
- Miércoles: Itinerario “Donantes medievales. La pervivencia de la memoria” https://t.co/buFpUCjFyl
- Miércoles: Conferencia “Entre Italia y España. Hibridismos, mestizajes e identidades desdibujadas”, con Joan Molina https://t.co/YSJUxlELkC
- Jueves: Itinerario “Las capillas del Prado. Crónica de una protección fragmentada” https://t.co/7MEJI8WA1q
- Viernes: Encuentro “La sala 60. El universo del artista ante la cámara https://t.co/56DgDOUyDg
- Sábado: Conferencia “Aviñón, laboratorio del Trecento: una ciudad-puente entre Italia y España”, con Mariaceleste Di Meo https://t.co/YSJUxlELkC
- Fin de semana: Una obra, un artista. “Doña Joaquina Nimpha de Carvajal y Vargas, condesa del Puerto, y su esposo, don Fermín Francisco de Carvajal-Vargas y Sotomayor y Alarcón” https://t.co/vcBqHnkeZV

🎟Entradas y horarios: https://t.co/sGmNmxvKUe"
2058869148843696295	2026-05-25T13:13:51Z	“Descanso en la huida a Egipto” de Luisa Roldán es la primera escultura de La Roldana en la colección del Museo del Prado. En este vídeo desde los talleres de restauración del museo la escultora Blanca Muñoz comenta la obra y la manera de trabajar de la artista barroca https://t.co/enTYrecpa7
2058882868382720008	2026-05-25T14:08:22Z	"Hoy a las 18:00 inauguramos en directo ""A la manera de Italia. España y el gótico mediterráneo (1320-1420)"" con su comisario, Joan Molina. ¡Os esperamos!

Esta exposición cuenta con el patrocinio exclusivo de Fundación BBVA https://t.co/zmPaYyae8k"
2058914112352989486	2026-05-25T16:12:31Z	Las obras del Museo del Prado están llenas de referencias a la lectura. Un año más se prepara el gran encuentro con los libros, la Feria del Libro de Madrid: a partir del 29 de mayo en El Retiro #FLMadrid26 @FLMadrid https://t.co/47ZF18lVZB
2059188250816745785	2026-05-26T10:21:51Z	"""A la manera de Italia. España y el gótico mediterráneo (1320-1420)"". Hasta el 20 de septiembre en el Museo del Prado

Con el patrocinio exclusivo de la @fundacionBBVA
 https://t.co/G4ttnyyA1e"
2059236896836813159	2026-05-26T13:35:09Z	"#PradoEducación Visitas guiadas a la exposición ""A la manera de Italia. España y el gótico mediterráneo (1320-1420)""

De miércoles a domingo a las 12h https://t.co/cyHRBSfuOa https://t.co/zAjP7aU1FS"
2059242195006210201	2026-05-26T13:56:12Z	"#PradoEducación Concierto ""Ars et artifices: ecos y trayectorias de creación en el Mediterráneo gótico""

🗓Viernes 5 de junio a las 19h https://t.co/ZRPY3hnwjV 

Con la colaboración del Instituto Complutense de Ciencias Musicales https://t.co/DBQ9n4G5q8"
2059562188302348556	2026-05-27T11:07:45Z	El Museo del Prado presenta en el edificio de Tabacalera de Gijón el nuevo proyecto creativo que relaciona sus colecciones con el patrimonio industrial https://t.co/Tow9bNSZXp https://t.co/RqAr1kAga7
2059923129535701316	2026-05-28T11:02:00Z	"""A la manera de Italia. España y el gótico mediterráneo (1320-1420)"". Hasta el 20 de septiembre en el Museo del Prado

Con el patrocinio exclusivo de la @fundacionBBVA https://t.co/vp7CjCKHJH"
2059958838648824125	2026-05-28T13:23:53Z	"""La Visitación"" de Jacopo Pontormo, una fascinante tabla manierista procedente de Carmignano (Prato) que se encuentra con ""La Visitación"" de Rafael y Giulio Romano. En el Museo del Prado hasta el 18 de junio dentro del programa ""La obra invitada"" https://t.co/iKxruNpGkT https://t.co/8bxy7Df9dr"
2060281270253265125	2026-05-29T10:45:07Z	"#PradoEducación Claves de la exposición ""A la manera de Italia. España y el gótico mediterráneo (1320-1420)""

Consulta horarios: https://t.co/8vxe2xmQkv https://t.co/X9cE0TGxqp"
2061341871255761209	2026-06-01T08:59:34Z	"Así ha sido el montaje de ""El cuadro del hambre"" de José Aparicio, una gran pintura que forma parte del programa #PradoExtendido, depositada en el Museo de Historia de Madrid desde 1927. En ""Una obra, una historia"" os invitamos a conocer su polarizada fortuna crítica https://t.co/scTdqvu2Hl"
2061401630168269216	2026-06-01T12:57:02Z	"🗓 Agenda del 1 al 7 de junio en el Museo del Prado

◾ Exposiciones
- “A la manera de Italia. España y el gótico mediterráneo (1320-1420)”
- La obra invitada: “La Visitación” de Jacopo Pontormo
- “El universo del artista ante la cámara”
- Una obra, una historia: “El cuadro del hambre”
 ℹ Más información: https://t.co/j4yRKBCZJQ

◾Visitas guiadas
- La colección todos los días en español y en inglés. Solicita la visita en la taquilla del museo
➡ Todas las visitas: https://t.co/kUrhrUsKmz

◾No te pierdas…
- Lunes: Claves de “A la manera de Italia. España y el gótico mediterráneo (1320-1420)”
https://t.co/lqoN9oojSv
- Martes: Itinerario “El Prado y el mundo. Miradas cartográficas” https://t.co/DpLiMGswoF
- Miércoles: Conferencia “’De tosco y rudo a suave y gentil’. Starnina y la pintura del gótico internacional”, con Matilde Miquel https://t.co/YSJUxlELkC
- Jueves: Actividad de #PradoEduación In medias res: “Hilos conductores Siéntate y habla con nosotras” https://t.co/WqvRFLJiIQ
- Viernes: Concierto “Ars et artifices: ecos y trayectorias de creación en el Mediterráneo gótico”https://t.co/TT9EHBRz87
- Sábado: Conferencia “Del bizantinismo inglés al italianismo catalán. El ‘Salterio de París’ como palimpsesto”, con Mireia Castaño https://t.co/YSJUxlELkC
- Fin de semana: Una obra, un artista. “Gaspar Melchor de Jovellanos”, de Goya https://t.co/vcBqHnkeZV

🎟Entradas y horarios: https://t.co/sGmNmxvKUe"
2061717859697360970	2026-06-02T09:53:37Z	"""A la manera de Italia. España y el gótico mediterráneo (1320-1420)"". Hasta el 20 de septiembre en el Museo del Prado. Con el patrocinio exclusivo de la @fundacionBBVA https://t.co/s9iLV1avod https://t.co/FCq6vSOzqG"
2061761291321016520	2026-06-02T12:46:12Z	"""A la manera de Italia. España y el gótico mediterráneo (1320-1420)"". Hasta el 20 de septiembre en el Museo del Prado

🎟Reserva tus entradas: https://t.co/s9iLV1avod https://t.co/BP9ASaqxek"
2061765332461633913	2026-06-02T13:02:15Z	Los ecos del Mediterráneo medieval llegan al Prado con un concierto único este viernes https://t.co/UDUvOkM9hF https://t.co/DPHFnNJofd
2062093483700076991	2026-06-03T10:46:13Z	"Umberto Eco imaginó un museo ideal dedicado a una sola obra: uno donde los relatos se acumularan en torno a ella para culminar en la contemplación y comprensión del público

Esta visión resuena en el nuevo programa ""Una obra, una historia"", que se estrena con ""El año del hambre en Madrid"" https://t.co/vVIZR9b2SY"
2062125201358266756	2026-06-03T12:52:15Z	"#PradoEducación Coloquio ""Salón efímero a media tarde: Andas"", con Ernesto Artillo 

🗓1 de julio a las 20:15
Inscripciones abiertas: https://t.co/uefAAwPyAf https://t.co/afB1gEI6pc"
2062149907377455326	2026-06-03T14:30:25Z	"Si eres estudiante, solicita tu beca antes del 18 de junio para el curso de verano ""El calculable valor del arte"", de la Fundación Amigos del Museo del Prado

🖼Del 30 de junio al 2 de julio en el auditorio. Modalidad presencial y a distancia https://t.co/Ap8abmbKyN https://t.co/fbYiQfgiG7"
2062450211201359902	2026-06-04T10:23:43Z	“El Prado de noche” amplía su horario la noche del sábado de forma gratuita con motivo de la visita del Papa https://t.co/WAFZSFelC7 https://t.co/rdofRdHlZc
2062481928716956131	2026-06-04T12:29:45Z	"#Empleo El Museo del Prado convoca un proceso selectivo para un contrato predoctoral vinculado al proyecto ""Agencia de los artistas filipinos en España (1764-1898)""

Podéis consultar las bases de la convocatoria en: https://t.co/zMFYZnI07Q https://t.co/Aq2zP8F44q"
2062826656692076962	2026-06-05T11:19:35Z	La visita virtual del Museo del Prado incluye vistas panorámicas 360º e imágenes en altísima resolución de las obras de la colección. Estés donde estés, accede gratis aquí: https://t.co/f5tdrSRxCX #NextGenerationEU #PlandeRecuperación https://t.co/MaBpXUElqN
2062851237964317128	2026-06-05T12:57:15Z	Ante el último informe emitido por el Ayuntamiento de Madrid relativo al recorrido del Papa León XIV, previsto el próximo lunes 8 de junio, nos vemos obligados a cancelar la inauguración de nuestra próxima exposición “Prado Siglo XXI”. La muestra abrirá al público el martes 9 de junio, a partir de las 14 h
2063552250308407426	2026-06-07T11:22:50Z	Último día para ver el retrato original de Joaquina Téllez Girón, la marquesa de Santa Cruz, pintado por Goya, junto a la copia encargada al pintor Núñez Losada en 1941 por el director general de Bellas Artes https://t.co/8RX7A30ha8 https://t.co/yiiCUUv4G3
2063552954796306605	2026-06-07T11:25:38Z	"La historia de ""La marquesa de Santa Cruz"". 40 años de su regreso a España: https://t.co/rv6BPevxSl https://t.co/QjnVIJrT6O"
2063893703148577071	2026-06-08T09:59:38Z	"La serie documental ""El Prado en femenino"" cuenta con episodios dedicados a Isabel la Católica, María de Hungría, Isabel de Valois, Isabel Clara Eugenia, Cristina de Suecia, Mariana de Austria o Isabel de Farnesio. Disponible en Canal Prado https://t.co/ASgJo4Bluv https://t.co/0GeS5SYY6K"
2063959374603637059	2026-06-08T14:20:36Z	"Obras que se reúnen para contar otra historia: la del Museo del Prado en el siglo XXI

Montaje de la exposición “Prado. Siglo XXI”. Del 9 del junio al 27 de septiembre de 2026 en el Museo del Prado https://t.co/l81gpyQCqy"
2064257000738054166	2026-06-09T10:03:15Z	"#Empleo Proceso selectivo para un contrato predoctoral vinculado al proyecto ""Agencia de los artistas filipinos en España (1764-1898)"" en el Museo del Prado. Bases de la convocatoria: https://t.co/zMFYZnIxXo https://t.co/vr5A0Ssdfk"
2064273531932700868	2026-06-09T11:08:57Z	Esta mañana se presenta a los medios de comunicación la exposición “Prado Siglo XXI”, con el patrocinio de la Fundación Amigos del Museo del Prado y la colaboración de la @ComunidadMadrid https://t.co/kOVcDDV3gZ
2064273787617488996	2026-06-09T11:09:57Z	La rueda de prensa se puede seguir en directo a través de nuestro canal de YouTube https://t.co/mzmqnsHOJF
2064310904682873273	2026-06-09T13:37:27Z	“Prado. Siglo XXI”, una exposición que invita a los ciudadanos a construir el museo del futuro https://t.co/iquGTLgEP4 https://t.co/i1e1fNSw7h
2064317387093201319	2026-06-09T14:03:12Z	"""Prado. Siglo XXI"". Construye tu museo

Nueva exposición con el patrocinio de la Fundación Amigos del Museo del Prado y la colaboración de la Comunidad de Madrid https://t.co/Kfnq3h2ZRX"
2064628194435645503	2026-06-10T10:38:15Z	"Con motivo de la muestra ""Prado Siglo XXI"" el Museo del Prado y @SamsungEspana presentan #PhotoPrado, una app que permite retratarse en el museo sin interferir en la circulación del visitante. Javier Solana, presidente del Patronato del Museo y el Ministro de Cultura, @ernesturtasun, ya la han probado https://t.co/mD7M46hLyi"
2064686491482169694	2026-06-10T14:29:54Z	"25 años de grandes adquisiciones. Nueva exposición: ""Prado. Siglo XXI"" https://t.co/ULro39wqfl"
2064734779338002810	2026-06-10T17:41:46Z	"""A la manera de Italia. España y el gótico mediterráneo (1320-1420)"". Mucho antes de la irrupción del Renacimiento, Italia marcó el ritmo de una profunda transformación artística cuyo eco encontró en los reinos hispanos uno de sus principales espacios de recepción https://t.co/KABhEJTFat"
2065006885674127701	2026-06-11T11:43:02Z	"Exposición ""A la manera de Italia. España y el gótico mediterráneo (1320-1420)"". La restauración de los apóstoles Simón y Mateo, de la catedral de Toledo https://t.co/s9iLV1avod https://t.co/GE3Hy1NkAr"
2065030290179772643	2026-06-11T13:16:02Z	"Visitas guiadas a la exposición ""A la manera de Italia. España y el gótico mediterráneo (1320-1420)"". Consulta horarios: https://t.co/cyHRBSfuOa https://t.co/Jcy4JIcIB0"
2065086748992946507	2026-06-11T17:00:23Z	Si os interesa la pintura filipina, en el Museo del Prado hay un proceso selectivo para un contrato predoctoral para investigar la colección. Carlos G. Navarro, conservador de pintura del siglo XIX, menciona a autores como Resurrección Hidalgo o Juan Luna https://t.co/zMFYZnI07Q https://t.co/D1nX8Irglj
2065348421821644891	2026-06-12T10:20:10Z	"Últimos días para ver ""La Visitación"" de Pontormo en el Museo del Prado https://t.co/phO91mnSxi https://t.co/rFwUHB8vBp"
2066419552121143639	2026-06-15T09:16:28Z	"El ""Jardín de las delicias"" es la obra más compleja y enigmática del Bosco. Comentario de Alejandro Vergara, jefe de colección de pintura flamenca y escuelas del norte en el Museo del Prado https://t.co/P7sRfcD0f1"
2066449853442302451	2026-06-15T11:16:52Z	El Museo del Prado recorre los cinco siglos de historia del @ConsejoEstadoEs a través de sus retratos https://t.co/IgWUm9UwGr https://t.co/FS0tdl522V
2066455468113826214	2026-06-15T11:39:11Z	Esta mañana se presenta a los medios de comunicación el itinerario expositivo “El Consejo de Estado y el Museo del Prado” https://t.co/8avkWBWkKU https://t.co/VBvwLBJoM3
2066802907375182001	2026-06-16T10:39:47Z	"En el V Centenario del Consejo de Estado presentamos un itinerario temático que permite recorrer cinco siglos de historia política, institucional y cultural de España

Desde el emperador Carlos V, fundador del Consejo, hasta destacados nombres de la Ilustración y el siglo XIX, el recorrido ofrece una nueva mirada sobre la colección del Prado y muestra cómo el retrato fue, además de un género artístico de primer orden, una poderosa herramienta de representación del poder, la influencia y la memoria https://t.co/OwKlpah2Ec"
2066816554109456640	2026-06-16T11:34:00Z	"🗓 Agenda del 16 al 21 de junio en el Museo del Prado

◾ Exposiciones
- “A la manera de Italia. España y el gótico mediterráneo (1320-1420)”
- “Prado. Siglo XXI”
- “El universo del artista ante la cámara”
- Una obra, una historia: “El cuadro del hambre”
- La obra invitada: “La Visitación” de Jacopo Pontormo. ÚLTIMOS DÍAS
 ℹ Más información: https://t.co/j4yRKBCZJQ

◾Visitas guiadas
- La colección todos los días en español y en inglés. Solicita la visita en la taquilla del museo
➡ Todas las visitas: https://t.co/kUrhrUsKmz

◾No te pierdas…
- Todos los días: Nuevo itinerario expositivo “El Consejo de Estado y el Museo del Prado” https://t.co/OwKlpah2Ec
- Martes: Visitas guiadas a la exposición ""Prado. Siglo XXI"" https://t.co/elw9dnMLnf
- Martes: Conferencia “Pontormo, Bill Viola y la revisitación de los maestros antiguos “, con Alfonso Palacio https://t.co/boRPWiKV5M
- De miércoles a domingo: Visitas guiadas a la exposición ""A la manera de Italia. España y el gótico mediterráneo (1320-1420)"" https://t.co/KZBQ9O7JOa
- Jueves y viernes: Visita guiada “Memorias vivas” https://t.co/f9RsKbAQdk
- Sábado: Conferencia PRADO. SIGLO XXI. “Carácter, criterios y obras destacadas en las adquisiciones del Museo del Prado” con Javier Barón https://t.co/ZcDR0RZ2mM
- Fin de semana: Una obra, un artista. “Gaspar Melchor de Jovellanos”, de Goya https://t.co/vcBqHnkeZV

🎟Entradas y horarios: https://t.co/sGmNmxvKUe"
2066843568040280417	2026-06-16T13:21:21Z	Miguel Falomir y Miguel Zugaza dialogarán sobre la transformación del Prado en el siglo XXI este miércoles en el auditorio del museo https://t.co/KZIWlCNeY9 https://t.co/vQCLnVvQBq
2066882234808668178	2026-06-16T15:55:00Z	25 años de grandes adquisiciones. “Prado. Siglo XXI” https://t.co/rIeBZYTkUI https://t.co/MyRZtMi7hy
2067157928671346763	2026-06-17T10:10:30Z	El Prado del siglo XXI en datos https://t.co/VCuntGzAI9 https://t.co/MYtK28THKC
2067187326602654052	2026-06-17T12:07:19Z	Esta tarde a las 18.30h el director del Museo del Prado, Miguel Falomir, y su predecesor, Miguel Zugaza, dialogarán sobre la transformación del Prado en el siglo XXI. Entrada libre hasta completar aforo #PradoSXXI https://t.co/nuOE726AjN https://t.co/oNjaLRTH6U
2067508477816136014	2026-06-18T09:23:28Z	"""A la manera de Italia. España y el gótico mediterráneo (1320-1420)"". Hasta el 20 de septiembre en el Museo del Prado https://t.co/s9iLV1avod https://t.co/Tg9E0LGlTG"
2067550579426054520	2026-06-18T12:10:46Z	"Último día para ver ""La Visitación"" de Pontormo, obra invitada en el Museo del Prado prestada excepcionalmente por la iglesia parroquial de San Michele Arcangelo de Carmignano (Prato) https://t.co/rtaqJuVuLJ https://t.co/GC1WalfIYs"
2067583134720221606	2026-06-18T14:20:07Z	Los españoles consideran el Museo del Prado como una de las grandes aportaciones de España a la cultura universal https://t.co/6YIKmx60X2 https://t.co/ZCmHtydaJZ
2067912879014109355	2026-06-19T12:10:24Z	"25 años de grandes adquisiciones. “Prado. Siglo XXI”. Construye tu museo 

Visitas guiadas, claves y otros recursos de la exposición en nuestra web: https://t.co/rIeBZYTkUI https://t.co/PRM2WMkGyk"
2068952877960237471	2026-06-22T09:03:00Z	"""A la manera de Italia. España y el gótico mediterráneo (1320-1420)"". Hasta el 20 de septiembre en el Museo del Prado https://t.co/s9iLV1avod https://t.co/4pOb0jEL0Q"
2069075346629034488	2026-06-22T17:09:38Z	#Encuesta Cuál es la mejor adquisición del Museo del Prado en el Siglo XXI? vota en el enlace con motivo de la exposición #PradoSXXI https://t.co/iapfHvxbwt https://t.co/RU6oc34O7w
2069345720256094309	2026-06-23T11:04:00Z	"#RecursoInteractivo de la exposición ""A la manera de Italia. España y el gótico mediterráneo (1320-1420)"" https://t.co/kXHwhu7zAC https://t.co/e0wpFOqOpJ"
2069351014424105079	2026-06-23T11:25:03Z	El Museo del Prado y el Ministerio de Educación renuevan su compromiso de colaboración en el ámbito educativo https://t.co/kdeCWbJptW https://t.co/syjQXTtLtv
2069728190269210872	2026-06-24T12:23:48Z	"25 años de grandes adquisiciones. Nueva exposición: ""Prado. Siglo XXI"", con el patrocinio de la Fundación Amigos Museo del Prado y la colaboración de la @ComunidadMadrid https://t.co/rIeBZYTSKg https://t.co/THLGc6ttJN"
2070104794283315531	2026-06-25T13:20:18Z	"#RecursoInteractivo de la exposición ""A la manera de Italia. España y el gótico mediterráneo (1320-1420)""  https://t.co/kXHwhu7zAC https://t.co/OJUxlBMIJr"
2070425985778901386	2026-06-26T10:36:36Z	"El préstamo al Museo Nazionale d’Abruzzo dell’Aquila de ""La Visitación"" atribuida a Rafael, Giulio Romano y Giovanni Francesco Penni, se ha convertido en uno de los grandes acontecimientos de L’Aquila Capital Italiana de la Cultura 2026 https://t.co/o8D4ShDSyQ"
2071504587656499263	2026-06-29T10:02:35Z	"Exposición ""A la manera de Italia. España y el gótico mediterráneo (1320-1420)"". La restauración de los apóstoles Simón y Mateo, de la catedral de Toledo https://t.co/s9iLV1b3dL https://t.co/5oLcS73Y9d"
2071529178915025258	2026-06-29T11:40:18Z	"En estos momentos se emite en nuestro canal de YouTube la rueda de prensa ""Exposición homenaje a Plácido Arango en el Museo de BBAA de Bilbao"", con Miguel Zugaza

🔴Síguela en directo: https://t.co/vzKO8xFIgl https://t.co/wlplP7bGaC"
2071556706882965604	2026-06-29T13:29:41Z	El Museo del Prado se suma al homenaje a Plácido Arango con motivo de la reapertura del Museo de Bellas Artes de Bilbao https://t.co/NvBC264VTR https://t.co/eSRH6l5rAa
2071563037752889649	2026-06-29T13:54:50Z	Comienza la Escuela de Verano del Museo del Prado 2026, un año más con el apoyo de la Fundación Banco Sabadell https://t.co/SQEBDUWbMN https://t.co/09VHiWZTp9
2071894341602201811	2026-06-30T11:51:19Z	"Elogio internacional a la exposición “A la manera de Italia” por la revista @Apollo_magazine 

“From Iberia to Italy, and back again”
https://t.co/RuchP0Q7BU"
2071938165607182449	2026-06-30T14:45:28Z	"#ElPradoDeNoche se celebrará el 11 de julio, de 20.30 a 23.30h, y se podrán visitar las exposiciones temporales ""A la manera de Italia"" y ""Prado Siglo XXI"", gracias al patrocinio de @SamsungEspana https://t.co/PhHvccygIh"
2072236153940459837	2026-07-01T10:29:34Z	#ElPradoDeNoche se traslada al sábado 11 de julio https://t.co/Qk7qz426ne https://t.co/q0QoxWeM2J
2072245644475908174	2026-07-01T11:07:16Z	#Encuesta Cuál es la mejor adquisición del Museo del Prado en el Siglo XXI? vota en el enlace con motivo de la exposición #PradoSXXI https://t.co/iapfHvxbwt https://t.co/zQLEoBC9Vf
2072269327009464484	2026-07-01T12:41:23Z	La exposición #PradoSXXI analiza los grandes cambios del museo en los últimos 25 años. En este enlace os animaos a descubrir el Prado del Siglo XXI en datos: https://t.co/VCuntGzAI9 https://t.co/H2ikKLaVCI
2072599991198134474	2026-07-02T10:35:19Z	"Visitas guiadas a la exposición ""A la manera de Italia. España y el gótico mediterráneo (1320-1420)"". Consulta horarios: https://t.co/bK7pbiSqyi https://t.co/iGycWKZvjF"
2072614376029176053	2026-07-02T11:32:29Z	"Últimos días para visitar la exposición de fotografía ""El universo del artista ante la cámara"": retratos, estudios y creación artística en la segunda mitad del XIX y primeras décadas del XX https://t.co/SFuIy6JEDf https://t.co/mCwgIZljoo"
2072639935333409074	2026-07-02T13:14:03Z	El Museo del Prado participa en la campaña Refúgiate en la Cultura, una iniciativa impulsada por el Área de Cultura, Turismo y Deporte del Ayuntamiento de @MADRID que vuelve a diferentes museos y espacios culturales de la ciudad https://t.co/QocDoVo6t8 https://t.co/zLclgU3CyQ
2072957201698681022	2026-07-03T10:14:45Z	"El Museo del Prado presenta ""Creadoras del Prado"", una nueva línea editorial que se inaugura con la publicación dedicada a Cristina de Suecia https://t.co/epnAi5mv5D https://t.co/98IhaE6wQL"
2074074015077945792	2026-07-06T12:12:34Z	"🗓 Agenda del 6 al 12 de julio en el Museo del Prado

◾ Exposiciones
- “A la manera de Italia. España y el gótico mediterráneo (1320-1420)”
- “Prado. Siglo XXI”
- Una obra, una historia: “El cuadro del hambre”
 ℹ Más información: https://t.co/j4yRKBCZJQ

◾Visitas guiadas
- La colección todos los días en español y en inglés. Solicita la visita en la taquilla del museo
➡ Todas las visitas: https://t.co/kUrhrUsKmz

◾No te pierdas…
- Lunes: Itinerario didáctico “20 años de Goya a través de los cartones para tapices” https://t.co/V18HfzYpbU
- Martes: Itinerario didáctico “El Prado y el mundo. Miradas cartográficas” https://t.co/zvn8erNoNy
- De miércoles a domingo: Visitas guiadas a la exposición ""A la manera de Italia. España y el gótico mediterráneo (1320-1420)"" https://t.co/KZBQ9O7JOa
- Jueves: Itinerario didáctico “Las capillas del Prado. Crónica de una protección fragmentada” https://t.co/LuIpX6S881
- Jueves y viernes: Teatro “Los tres Juan Ranas” https://t.co/hZnno7XVM2
- Domingo: Visitas guiadas a la Bóveda de Luca Giordano en el Casón del Buen Retiro https://t.co/inrWflnqFx

🎟Entradas y horarios: https://t.co/sGmNmxvKUe"
2074094894776238154	2026-07-06T13:35:32Z	El Museo del Prado exhibe por primera vez el cuadro “La procesión de gigantes en Bruselas el 31 de mayo de 1615”, adquirido por el Ministerio de Cultura https://t.co/YSq24Z2qkR https://t.co/oHxfgLH97d
2074411548601122818	2026-07-07T10:33:48Z	Este sábado 11 de julio, de 20.30 a 23.30h, #ElPradodeNoche inaugura el verano con la apertura de las dos exposiciones temporales, gracias a la colaboración de @SamsungEspana https://t.co/K4zxd92LdQ https://t.co/ahyK79cbDA
2074773952774226174	2026-07-08T10:33:52Z	La visita virtual del Museo del Prado incluye vistas panorámicas 360º e imágenes en altísima resolución de las obras de la colección. Estés donde estés, accede gratis aquí: https://t.co/f5tdrSRxCX #NextGenerationEU #PlandeRecuperación https://t.co/vLcoLC7ZQ5
2074787412383789561	2026-07-08T11:27:21Z	#RecursoInteractivo La sierra de Guadarrama en el Museo del Prado https://t.co/wuxSrO9oWm https://t.co/Lup5NHy32m
2074824014736802049	2026-07-08T13:52:48Z	El Museo del Prado cerró sus cuentas de 2025 con un superávit de 19,5 millones de euros https://t.co/fwaqjH7sN5 https://t.co/jcBymKWoMO
2074931547052937719	2026-07-08T21:00:05Z	"Es un honor que Apollo Magazine, referencia internacional dedicada al arte y la cultura, recomiende ""A la manera de Italia"", una exposición que descubre el fascinante influjo del Trecento italiano en los reinos hispanos entre 1320 y 1420, antes de la irrupción del Renacimiento"
2075150715345858638	2026-07-09T11:30:59Z	El Museo del Prado incentiva la visita a Zamora con la instalación de réplicas de sus obras más admiradas en las comarcas de Sanabria y La Carballeda, bajo la iniciativa #EnUnLugarQueRenace  https://t.co/WviSqjmzHs https://t.co/X9lK1gIDGS
2075152559426166833	2026-07-09T11:38:19Z	"#Instalación ""En un lugar que renace"". El Museo del Prado, de la mano de la Diputación de Zamora, lleva 15 réplicas de sus obras más conocidas a 13 localidades de las comarcas de Sanabria y La Carballeda https://t.co/bbEiL9Jjoj https://t.co/DgojbgAau3"
2075189976636256711	2026-07-09T14:07:00Z	Este sábado 11 de julio, de 20.30 a 23.30h, #ElPradodeNoche inaugura el verano con la apertura de las dos exposiciones temporales, gracias a la colaboración de @SamsungEspana https://t.co/K4zxd93j3o https://t.co/0Eazd24xut
2075479505431388211	2026-07-10T09:17:29Z	"Este sábado 11 de julio, de 20.30 a 23.30h, #ElPradodeNoche inaugura el verano con la apertura de las dos exposiciones temporales, gracias a la colaboración de
@SamsungEspana https://t.co/K4zxd92LdQ https://t.co/ksR8pleqGd"
2075909433473798175	2026-07-11T13:45:52Z	Esta noche vuelve #ElPradoDeNoche, entrada gratuita de 20.30 a 23.30 a las exposiciones temporales
2076593678911447248	2026-07-13T11:04:48Z	Esta mañana se presenta a los medios de comunicación la exposición “Valeriano Bécquer (1834 -1870). Los cuadros de costumbres” en la sala 60 del Museo del Prado https://t.co/BKcSovFq72
2076603566249091470	2026-07-13T11:44:06Z	"🗓 Agenda del 13 al 19 de julio en el Museo del Prado

◾Exposiciones
- NUEVA: “Valeriano D. Bécquer (1834-1870): Los cuadros de costumbres”
- “A la manera de Italia. España y el gótico mediterráneo (1320-1420)”
- “Prado. Siglo XXI”
- Una obra, una historia: “El cuadro del hambre”
- Itinerario “El Consejo de Estado y el Museo del Prado”
 ℹ Más información: https://t.co/j4yRKBCZJQ

◾Visitas guiadas
- La colección todos los días en español y en inglés. Solicita la visita en la taquilla del museo
➡ Todas las visitas: https://t.co/kUrhrUsKmz

◾No te pierdas…
- Lunes: Claves “A la manera de Italia. España y el gótico mediterráneo, 1320-1420” https://t.co/zakOgOV2Uk
- Martes: Itinerario didáctico “El Prado y el mundo. Miradas cartográficas” https://t.co/zvn8erNoNy
- Martes: Visitas guiadas a la exposición ""Prado. Siglo XXI"" https://t.co/elw9dnMLnf
- De miércoles a domingo: Visitas guiadas a la exposición ""A la manera de Italia. España y el gótico mediterráneo (1320-1420)"" https://t.co/KZBQ9O7JOa
- Jueves: Itinerario didáctico “Las capillas del Prado. Crónica de una protección fragmentada” https://t.co/LuIpX6S881
- Jueves y viernes: Visita dialogada “(Ex)poner el cuerpo” https://t.co/kktgtf6EzQ
- Viernes: Encuentro en “El cuadro del hambre” https://t.co/jjQZTPbDFd
- Domingo: Visitas guiadas a la Bóveda de Luca Giordano en el Casón del Buen Retiro https://t.co/inrWflnqFx

🎟Entradas y horarios: https://t.co/sGmNmxvKUe"
2076607430230692263	2026-07-13T11:59:27Z	"El Prado reúne por primera vez la serie completa de Valeriano Bécquer sobre las costumbres populares de España dentro del programa ""Almacén abierto"" https://t.co/9V1Dxol2X7 https://t.co/DZ3zSQlqt7"
2076930884033560857	2026-07-14T09:24:44Z	"""A la manera de Italia. España y el gótico mediterráneo (1320-1420)"". Hasta el 20 de septiembre en el Museo del Prado

Con el patrocinio exclusivo de la @fundacionBBVA https://t.co/PPyq7Orumf"
2076985599412539447	2026-07-14T13:02:10Z	El Museo del Prado publica el ensayo perdido de Roberto Longhi que vinculó a Pedro Berruguete con la corte de Urbino https://t.co/x349YA7Q9p https://t.co/TjH0OyJZIG
2077145953467850974	2026-07-14T23:39:21Z	“La rendición de Bailén (de la Tradición y de la Historia)”, José Casado del Alisal (detalle) https://t.co/wWwuyPJiJy
2077320206372717024	2026-07-15T11:11:46Z	"""En un lugar que renace"": 15 réplicas de conocidas obras del Prado viajan a Sanabria y La Carballeda gracias a la Diputación de Zamora. Un territorio que, pese a haber sufrido un terrible incendio forestal, conserva una belleza sobrecogedora y un gran potencial de recuperación https://t.co/0fLaWtRKzI"
2077354977727574016	2026-07-15T13:29:56Z	"⚽🇪🇸🇫🇷Detalle de ""La rendición de Bailén""

De blanco, el general español, Castaños, saluda cortés al derrotado general francés, Dupont, al término de la batalla de Bailén de 1808

Nótese la curiosa coincidencia con la equipación de las selecciones de España y Francia en el partido de anoche (2-0)"
2077692237421453608	2026-07-16T11:50:05Z	"25 años de grandes adquisiciones: ""Prado. Siglo XXI"" https://t.co/rIeBZYTkUI

Hasta el 27 de septiembre en el Museo del Prado. Con el patrocinio de la Fundación Amigos del Museo del Prado y la colaboración de la Comunidad de Madrid https://t.co/SQD6vNSWZK"
2077754985727541744	2026-07-16T15:59:26Z	⚽🇪🇸 10 palabras que explican por qué España está en la final del Mundial del fútbol 2026 https://t.co/jZdhbaDhM9
2078045182805557461	2026-07-17T11:12:34Z	"Estés donde estés, puedes pasear por el Museo del Prado y disfrutar de los detalles de obras como ""La fragua de Vulcano"" de Velázquez en alta calidad a través de la visita virtual gratuita https://t.co/f5tdrSRxCX #NextGenerationEU #PlandeRecuperación https://t.co/KGWftaDqlf"
2078830682860564513	2026-07-19T15:13:52Z	El “duelo” cultural protagonizado por el Museo del Prado y el @museomalba de Buenos Aires con motivo de la final del Mundial de Fútbol alcanza el millón de visualizaciones en redes sociales
2078970186292433291	2026-07-20T00:28:12Z	¡Enhorabuena, España! ⭐⭐
2079137793431773582	2026-07-20T11:34:13Z	"⚽🇪🇸¡Enhorabuena, campeones del mundo!

""Un rey de España"", Alonso Cano, hacia 1640 https://t.co/KoLaW956pf"
2079270138805711241	2026-07-20T20:20:06Z	"🗓 Agenda del 20 al 26 de julio en el Museo del Prado

◾Exposiciones
- “A la manera de Italia. España y el gótico mediterráneo (1320-1420)”
- “Prado. Siglo XXI”
- Una obra, una historia: “El cuadro del hambre”
- “Valeriano D. Bécquer (1834-1870): Los cuadros de costumbres”
- Itinerario “El Consejo de Estado y el Museo del Prado”
 ℹ Más información: https://t.co/j4yRKBCZJQ

◾Visitas guiadas
- La colección todos los días en español y en inglés. Solicita la visita en la taquilla del museo
➡ Todas las visitas: https://t.co/kUrhrUsKmz

◾No te pierdas…
- Lunes: Itinerario didáctico “20 años de Goya a través de los cartones para tapices” https://t.co/V18HfzYpbU
- Martes: Visitas guiadas a la exposición ""Prado. Siglo XXI"" https://t.co/elw9dnMLnf
- Miércoles: Itinerario didáctico “Un viaje por el arte del siglo XVIII europeo en el Prado” https://t.co/cyIXMpbsMd
- De miércoles a domingo: Visitas guiadas a la exposición ""A la manera de Italia. España y el gótico mediterráneo (1320-1420)"" https://t.co/KZBQ9O7JOa
- Jueves: Itinerario didáctico “Las capillas del Prado. Crónica de una protección fragmentada” https://t.co/LuIpX6S881
- Viernes: Encuentro en “El cuadro del hambre” https://t.co/jjQZTPbDFd
- Sábado y domingo: Una obra, un artista “Santiago el Mayor con orantes / San Juan evangelista con dos damas y dos niñas” https://t.co/iziMEyFsF0

🎟Entradas y horarios: https://t.co/sGmNmxvKUe"
2079490912166502857	2026-07-21T10:57:23Z	"Umberto Eco imaginó un museo ideal dedicado a una sola obra: uno donde los relatos se acumularan en torno a ella para culminar en la contemplación y comprensión del público

Esta visión resuena en el formato ""Una obra, una historia"": ""El cuadro del hambre"" https://t.co/AyCdlqyGjK https://t.co/wbiwMiSTZj"
2079856735808807418	2026-07-22T11:11:02Z	"¿Quién dijo que la Edad Media era oscura?

""A la manera de Italia. España y el gótico mediterráneo (1320-1420)"". Del 26 de mayo al 20 de septiembre de 2026 en el Museo del Prado

Con el patrocinio exclusivo de la @fundacionBBVA https://t.co/ERmP09ym3n"
2079857879830409712	2026-07-22T11:15:35Z	"“Julio (Leo)”, Francesco Bassano, finales del siglo XVI

Estés donde estés, accede gratis a la visita virtual del Museo del Prado: https://t.co/f5tdrSRxCX #NextGenerationEU #PlandeRecuperación https://t.co/aFT6iTEIng"
2080218273463828832	2026-07-23T11:07:39Z	"""Prado. Siglo XXI"". Conservar y analizar: restauraciones y estudios técnicos de la colección

Entradas: https://t.co/rIeBZYTkUI https://t.co/QZDQZDQs75"
2080259869144424830	2026-07-23T13:52:56Z	"""El año del hambre en Madrid"" acaparó en su día todas las miradas en el museo. Incluso llegó a eclipsar a las figuras de Goya y José de Madrazo durante el reinado de Fernando VII

En ""Una obra, una historia"" reconstruimos su ubicación original en 1819  https://t.co/M4qONjsAql https://t.co/kZpmfsGTLC"
2080612956497183003	2026-07-24T13:15:59Z	La exposición didáctica “El Prado en las calles” continúa su recorrido en Mazarrón https://t.co/x0x54ox3tf https://t.co/zFbOrgPOWv
2081658387218022536	2026-07-27T10:30:09Z	"""Prado. Siglo XXI"". Extender la colección: un museo sin fronteras

Entradas para la exposición: https://t.co/rIeBZYTkUI https://t.co/CfunnRYrzC"
2081670247799480629	2026-07-27T11:17:17Z	"Agenda del 27 de julio al 2 de agosto en el Museo del Prado

◾Exposiciones
- “Valeriano D. Bécquer (1834-1870): Los cuadros de costumbres”
- “A la manera de Italia. España y el gótico mediterráneo (1320-1420)”
- “Prado. Siglo XXI”
- Una obra, una historia: “El cuadro del hambre”
- Itinerario “El Consejo de Estado y el Museo del Prado”
 ℹ Más información: https://t.co/j4yRKBCZJQ

◾Visitas guiadas
- La colección todos los días en español y en inglés. Solicita la visita en la taquilla del museo
➡ Todas las visitas: https://t.co/kUrhrUsKmz

◾No te pierdas…
- Lunes: Itinerario didáctico “20 años de Goya a través de los cartones para tapices” https://t.co/V18HfzYpbU
- Martes: Itinerario didáctico “El Prado y el mundo. Miradas cartográficas” https://t.co/zvn8erNoNy
- De miércoles a domingo: Visitas guiadas a la exposición ""A la manera de Italia. España y el gótico mediterráneo (1320-1420)"" https://t.co/KZBQ9O7JOa
- Jueves: Claves de la exposición “Prado. Siglo XXI” https://t.co/8q0cnHosva
- Jueves y viernes: Visita dialogada “Las otras” https://t.co/2I0FGxWV6o
- Sábado y domingo: Una obra, un artista “Tentaciones de san Antonio Abad” https://t.co/VrlxDuEyF1

🎟Entradas y horarios: https://t.co/sGmNmxvKUe"
2082020742707761571	2026-07-28T10:30:01Z	El Museo del Prado mantiene su apertura nocturna en agosto. ¡Este sábado os esperamos en #ElPradodeNoche! https://t.co/VOYoW0taHD https://t.co/tfmuP2MExz
2082077361869074753	2026-07-28T14:15:00Z	"“Descenso a los infiernos”, de Pere y Jaume Serra, hacia 1381

Préstamo del Museo de Zaragoza en la exposición “A la manera de Italia. España y el gótico mediterráneo (1320-1420)” https://t.co/s9iLV1avod https://t.co/V42EUxLTby"
2082383679867834486	2026-07-29T10:32:12Z	"La Odisea del mundo clásico en el Museo del Prado 

En colaboración con @LaBienQuerida https://t.co/y15UHXBDL0"
2082758393488429559	2026-07-30T11:21:11Z	"#PublicacionesPrado ""A la manera de Italia. España y el gótico mediterráneo (1320-1420)"", el libro de la exposición. Textos a cargo de Joan Molina Figueras, Jefe de Colección de pintura europea hasta 1500. Con la colaboración de Mariaceleste Di Meo https://t.co/I0mZ4cp0yN https://t.co/oukMhtKCwj"
2082781943955923249	2026-07-30T12:54:46Z	"«Existe en el museo un cuadro de gran tamaño y escaso mérito, de colores chillones y de figuras desmesuradas y grotescas»

Esta cita publicada en 1870 habla de la fortuna crítica de ""El año del hambre en Madrid"", al que años antes habían dedicado poemas autores como Espronceda https://t.co/o8rIFZKDma"
2083103107802636605	2026-07-31T10:10:57Z	"El 31 de julio de 1843 murió en Madrid la pintora Rosario Weiss. Tenía 28 años. Fue una de las primeras copistas o ""copiantas"", como se registraban en el Museo del Prado, y maestra de dibujo de la reina Isabel II.  Muy cerca de la Puerta del Sol una placa recuerda su figura https://t.co/R9fTAp5ySl"
2083116413552640444	2026-07-31T11:03:50Z	"""La atención (autorretrato)"", de 1841, es el único autorretrato al óleo que conservamos hasta ahora de de Rosario Weiss. Actualmente forma parte de la exposición temporal ""Prado. Siglo XXI"" https://t.co/rIeBZYTkUI https://t.co/Dli9FsxpIr"
2083166140759527456	2026-07-31T14:21:25Z	"""En un lugar que renace"": 15 réplicas de conocidas obras del Prado viajan a Sanabria y La Carballeda en una colaboración con la Diputación de Zamora. Un territorio que, pese a haber sufrido un terrible incendio forestal, conserva una belleza sobrecogedora https://t.co/d1JZXf7u0n https://t.co/1pYyO24ysN"
2083190950533480533	2026-07-31T16:00:01Z	"""A la manera de Italia. España y el gótico mediterráneo (1320-1420)"". Hasta el 20 de septiembre en el Museo del Prado https://t.co/s9iLV1b3dL https://t.co/ani5OwPMJq"
